ID,Category,Type,Difficulty,Question / Statement,Created By,번역,한국인_적합도,분류_이유,출제_추천
21402,History,True / False,Medium,There are 13 months in the Ethiopian calendar.,bobcat,에티오피아 달력에는 13개월이 있습니다.,일반,세계사 교육이나 일반 교양으로 접할 수 있는 역사 문제입니다.,추천
20976,History,Multiple Choice,Easy,Who was the first president of Kenya?,sq,케냐의 초대 대통령은 누구인가요?,해외특화,특정 외국의 국내 역사·정치 인물에 관한 지식입니다.,조건부
20189,Entertainment: Video Games,Multiple Choice,Medium,"In the video game ""Pizza Tower"", what is the protagonist's name?",FartingFounder,"비디오 게임 ""피자 타워""에서 주인공의 이름은 무엇인가요?",전문/마니아,특정 게임의 캐릭터·설정·플레이 지식을 알아야 풀 수 있습니다.,조건부
18958,Animals,True / False,Easy,Rabbits can't vomit.,AMSterling,토끼는 토할 수 없습니다.,일반,대중매체나 생물 교육에서 접할 수 있는 동물 상식입니다.,추천
18932,General Knowledge,Multiple Choice,Easy,"Which chemical element, number 11 in the Periodic table, has the symbol Na?",Dev11,주기율표 11번에 Na라는 기호가 있는 화학 원소는 무엇인가요?,일반,한국의 일반 교육과정이나 보편 상식으로 접할 수 있는 문제입니다.,추천
18926,Entertainment: Books,Multiple Choice,Easy,Who was the original author of Frankenstein?,batshake,프랑켄슈타인의 원작자는 누구인가요?,일반,한국에서도 널리 알려진 고전 작품에 관한 문학 상식입니다.,추천
18925,Entertainment: Japanese Anime & Manga,Multiple Choice,Easy,Who was a voice actor for the English dubbing of HOWL'S MOVING CASTLE (2004)?,joon9498,하울의 움직이는 성(2004) 영어 더빙 성우는 누구인가요?,전문/마니아,특정 애니메이션·만화의 인물이나 세부 내용을 알아야 풀 수 있습니다.,조건부
18908,Entertainment: Film,Multiple Choice,Medium,Which actor auditioned for the role of Luke Skywalker?,mje29,루크 스카이워커 역으로 오디션을 본 배우는 누구인가요?,전문/마니아,특정 영화·방송 작품의 인물이나 세부 내용을 알아야 풀 수 있습니다.,조건부
18879,Entertainment: Music,Multiple Choice,Easy,Which of the following songs was not originally released by Sir Elton John?,mixman86,다음 중 Elton John 경이 원래 발표한 노래가 아닌 것은 무엇인가요?,전문/마니아,특정 가수·밴드·음반의 세부 이력을 알아야 풀 수 있습니다.,조건부
18838,Geography,Multiple Choice,Hard,"What is the county seat of King County, Washington?",PencilVulture,워싱턴 주 킹 카운티의 카운티 소재지는 무엇인가요?,해외특화,특정 외국의 지방 행정구역에 관한 현지 중심 지식입니다.,비추천
18793,General Knowledge,Multiple Choice,Easy,"In Half-Life, what is the name of the alien that attaches to heads?",Whakka,Half-Life에서 머리에 붙은 외계인의 이름은 무엇인가요?,전문/마니아,특정 게임·콘텐츠의 세부 정보를 알아야 풀 수 있습니다.,조건부
18764,Entertainment: Video Games,Multiple Choice,Medium,Who published the 1998 video game Half-Life?,Attaboy20,1998년 비디오 게임 Half-Life를 출시한 사람은 누구인가요?,전문/마니아,특정 게임의 캐릭터·설정·플레이 지식을 알아야 풀 수 있습니다.,조건부
18685,Entertainment: Video Games,Multiple Choice,Hard,The Bracken from Lethal Company is also known as:,Segaman,Lethal Company의 브래컨은 다른 이름으로 무엇이라고 불리나요?,전문/마니아,특정 게임의 캐릭터·설정·플레이 지식을 알아야 풀 수 있습니다.,비추천
18684,General Knowledge,Multiple Choice,Easy,What is the name of the company in Lethal Company?,Segaman,Lethal Company의 회사 이름은 무엇인가요?,전문/마니아,특정 게임·콘텐츠의 세부 정보를 알아야 풀 수 있습니다.,조건부
18554,Art,Multiple Choice,Easy,What is the name of the Japanese art of folding paper into decorative shapes and figures?,stefanstojkovic,종이를 접어 장식적인 모양과 형태으로 만드는 일본 예술의 이름은 무엇인가요?,일반,학교 교육이나 대중매체에서 접할 수 있는 미술 상식입니다.,추천
18553,Art,Multiple Choice,Easy,"Who painted ""The Starry Night""?",stefanstojkovic,<별이 빛나는 밤>은 누가 그렸나요?,일반,학교 교육이나 대중매체에서 접할 수 있는 미술 상식입니다.,추천
18548,Art,Multiple Choice,Easy,Who sculpted the statue of David?,stefanstojkovic,다윗상을 조각한 사람은 누구인가요?,일반,학교 교육이나 대중매체에서 접할 수 있는 미술 상식입니다.,추천
18545,Art,Multiple Choice,Easy,Who painted the Mona Lisa?,stefanstojkovic,모나리자는 누가 그렸나요?,일반,학교 교육이나 대중매체에서 접할 수 있는 미술 상식입니다.,추천
18526,Science: Gadgets,Multiple Choice,Easy,What does SSD stand for in the context of computer storage?,stefanstojkovic,컴퓨터 스토리지와 관련하여 SSD는 무엇을 의미합니까?,일반,한국에서도 널리 쓰이는 전자기기에 관한 대중적 상식입니다.,추천
18523,Science: Gadgets,Multiple Choice,Easy,Which gaming console is developed by Sony?,stefanstojkovic,Sony에서 개발한 게임 콘솔은 무엇인가요?,일반,한국에서도 널리 쓰이는 전자기기에 관한 대중적 상식입니다.,추천
18520,General Knowledge,Multiple Choice,Easy,What does VR stand for?,stefanstojkovic,VR은 무엇을 뜻하나요?,일반,한국의 일반 교육과정이나 보편 상식으로 접할 수 있는 문제입니다.,추천
18519,Science: Gadgets,Multiple Choice,Easy,Which virtual assistant is developed by Amazon?,stefanstojkovic,Amazon에서 개발한 가상 비서는 무엇인가요?,일반,한국에서도 널리 쓰이는 전자기기에 관한 대중적 상식입니다.,추천
18516,Science: Gadgets,Multiple Choice,Easy,Which of the following is not a type of computer mouse?,stefanstojkovic,다음 중 컴퓨터 마우스의 종류가 아닌 것은?,일반,한국에서도 널리 쓰이는 전자기기에 관한 대중적 상식입니다.,조건부
18512,Science: Gadgets,Multiple Choice,Easy,What does GPS stand for?,stefanstojkovic,GPS는 무엇을 의미하나요?,일반,한국에서도 널리 쓰이는 전자기기에 관한 대중적 상식입니다.,추천
18081,Entertainment: Video Games,Multiple Choice,Hard,"In the alternate timeline in Mortal Kombat, which character was the one to slaughter the Shirai Ryu clan?",Marcelame,Mortal Kombat의 대체 타임라인에서 시라이 류 일족을 학살한 캐릭터는 누구인가요?,전문/마니아,특정 게임의 캐릭터·설정·플레이 지식을 알아야 풀 수 있습니다.,비추천
17864,History,Multiple Choice,Medium,Where was Abraham Lincoln when he was assassinated by John Wilkes Booth in 1865?,Druss,1865년 에이브러햄 링컨이 존 윌크스 부스에 의해 암살되었을 때 어디에 있었습니까?,일반,세계사 교육이나 일반 교양으로 접할 수 있는 역사 문제입니다.,추천
17693,History,Multiple Choice,Hard,Who was the first man to travel into outer space?,Iev,우주로 여행을 떠난 최초의 사람은 누구인가요?,일반,세계사 교육이나 일반 교양으로 접할 수 있는 역사 문제입니다.,조건부
17530,History,Multiple Choice,Medium,The 15th century conflicts between the Houses of York and Lancaster are known as the Wars of the what?,Druss,15세기 요크 가문과 ​​랭커스터 가문 사이의 갈등은 무엇의 전쟁으로 알려져 있습니까?,일반,세계사 교육이나 일반 교양으로 접할 수 있는 역사 문제입니다.,추천
17001,History,True / False,Medium,Brazil used to be an empire.,Soothsayer98,브라질은 한때 제국이었습니다.,일반,세계사 교육이나 일반 교양으로 접할 수 있는 역사 문제입니다.,추천
16997,History,Multiple Choice,Easy,What is widely considered to be the oldest civilization known to mankind?,Soothsayer98,인류가 알고 있는 가장 오래된 문명으로 널리 알려진 것은 무엇인가요?,일반,세계사 교육이나 일반 교양으로 접할 수 있는 역사 문제입니다.,추천
16341,Science: Gadgets,Multiple Choice,Medium,"Apple's Voice Assistant, Siri, debuted on which iPhone?",MRMAXTHEMAC,Apple의 음성 어시스턴트인 Siri가 어떤 iPhone에 처음 등장했나요?,일반,한국에서도 널리 쓰이는 전자기기에 관한 대중적 상식입니다.,추천
16324,Entertainment: Video Games,True / False,Easy,"In the Super Mario series, the character Pauline is a Princess like Princess Peach.",PrimeExplorer,슈퍼마리오 시리즈에서 폴린이라는 캐릭터는 피치공주와 같은 공주이다.,전문/마니아,특정 게임의 캐릭터·설정·플레이 지식을 알아야 풀 수 있습니다.,조건부
16323,Entertainment: Film,Multiple Choice,Easy,"In the Super Mario Bros. Movie (2023), who plays Toad?",PrimeExplorer,슈퍼 마리오 브라더스 영화(2023)에서 누가 두꺼비를 연기하나요?,전문/마니아,특정 영화·방송 작품의 인물이나 세부 내용을 알아야 풀 수 있습니다.,조건부
15697,Entertainment: Film,Multiple Choice,Easy,"In the 1951 movie ""The Day The Earth Stood Still"" which US city did the alien spaceship land in?",malobx,1951년 영화 '지구가 멈추는 날'에서 외계 우주선이 착륙한 미국 도시는 어디인가요?,전문/마니아,특정 영화·방송 작품의 인물이나 세부 내용을 알아야 풀 수 있습니다.,조건부
15558,History,Multiple Choice,Hard,The assassination of which royal led to the start of World War I?,GaleS,어느 왕의 암살로 인해 제1차 세계 대전이 시작되었습니까?,일반,세계사 교육이나 일반 교양으로 접할 수 있는 역사 문제입니다.,조건부
15454,History,Multiple Choice,Easy,Who succeded Josef Stalin as the leader of the Soviet Union?,Ksheik,스탈린의 뒤를 이어 소련의 지도자가 된 사람은 누구인가요?,일반,세계사 교육이나 일반 교양으로 접할 수 있는 역사 문제입니다.,추천
15435,History,True / False,Hard,The Emus won the Great Emu War of 1932.,kitani,에뮤는 1932년 에뮤 대전에서 승리했습니다.,일반,세계사 교육이나 일반 교양으로 접할 수 있는 역사 문제입니다.,조건부
14537,History,Multiple Choice,Hard,Which Irish village in County Mayo built a tourism industry on the back of an alleged appearance by the Virgin Mary in 1879?,Druss,마요 카운티의 어느 아일랜드 마을에서 1879년에 성모 마리아의 출현으로 추정되는 관광 산업을 발전시켰습니까?,해외특화,특정 외국의 지방 행정구역에 관한 현지 중심 지식입니다.,비추천
14517,History,Multiple Choice,Medium,Hong Kong was a part of which country's territory before Britain regained it in 1945?,Druss,1945년 영국이 홍콩을 되찾기 전에 홍콩은 어느 국가 영토의 일부였습니까?,일반,세계사 교육이나 일반 교양으로 접할 수 있는 역사 문제입니다.,추천
14470,Entertainment: Music,Multiple Choice,Medium,"Which chain restaurant increased sales after it was mentioned in the 2016 Beyoncé song: ""Formation""?",sackboyfan1999,"2016년 비욘세의 노래 ""Formation""에 언급된 후 매출이 증가한 체인 레스토랑은 어디인가요?",전문/마니아,특정 가수·밴드·음반의 세부 이력을 알아야 풀 수 있습니다.,조건부
14389,Entertainment: Music,Multiple Choice,Easy,Which one of the following musical instruments is NOT a part of the Woodwind section?,sackboyfan1999,다음 악기 중 목관악기 부문에 속하지 않는 것은 무엇인가요?,일반,음악 교육이나 대중문화에서 접할 수 있는 기초 음악 상식입니다.,추천
14353,Entertainment: Music,Multiple Choice,Easy,"In what year was Avril Lavigne’s first studio album, “Let Go”, released?",moeperson225,에이브릴 라빈의 첫 정규 앨범 'Let Go'는 몇 년도에 발매됐나요?,전문/마니아,특정 가수·밴드·음반의 세부 이력을 알아야 풀 수 있습니다.,조건부
14329,Entertainment: Music,Multiple Choice,Easy,"""Sleepyhead"" is the debut single from which Electronic band?",sackboyfan1999,"""Sleepyhead""는 어느 일렉트로닉 밴드의 데뷔 싱글인가요?",전문/마니아,특정 가수·밴드·음반의 세부 이력을 알아야 풀 수 있습니다.,조건부
14242,Entertainment: Music,Multiple Choice,Medium,Which of the Beatles band members is barefoot on the front cover of the 'Abbey Road' album?,Druss,'Abbey Road' 앨범 표지에 맨발로 등장한 비틀즈 밴드 멤버는 누구일까요?,전문/마니아,특정 가수·밴드·음반의 세부 이력을 알아야 풀 수 있습니다.,조건부
14202,Entertainment: Music,True / False,Easy,"""Friday,"" the single by Rebecca Black, was released in February 10th, 2011.",sackboyfan1999,"레베카 블랙의 싱글 ""Friday""는 2011년 2월 10일에 발매되었습니다.",전문/마니아,특정 가수·밴드·음반의 세부 이력을 알아야 풀 수 있습니다.,조건부
14133,Science: Gadgets,True / False,Medium,"iRobot's revolutionary floor-cleaning vacuum, the Roomba, was first invented in 2002",Yoshidude47,아이로봇의 혁신적인 바닥 청소용 진공청소기 룸바(Roomba)는 2002년에 처음 발명되었습니다.,전문/마니아,특정 기기 모델이나 기술 이력을 알아야 풀 수 있습니다.,조건부
14078,History,Multiple Choice,Easy,What was the official German currency until 2002?,mayne,2002년까지 독일 공식 통화는 무엇인가요?,일반,세계사 교육이나 일반 교양으로 접할 수 있는 역사 문제입니다.,추천
14025,Entertainment: Video Games,Multiple Choice,Medium,Marvel vs Capcom 2: New age of Heroes was released in what year?,DarkMage69,Marvel vs Capcom 2: New age of Heroes는 몇 년도에 출시되었습니까?,전문/마니아,특정 게임의 캐릭터·설정·플레이 지식을 알아야 풀 수 있습니다.,조건부
13881,Science: Gadgets,Multiple Choice,Medium,How does a centrifuge separate heavy and light particles?,Druss,원심분리기는 무거운 입자와 가벼운 입자를 어떻게 분리합니까?,전문/마니아,특정 기기 모델이나 기술 이력을 알아야 풀 수 있습니다.,조건부
13856,Entertainment: Music,Multiple Choice,Medium,Which musical instrument is nicknamed 'the clown of the orchestra'?,Druss,'오케스트라의 광대'라는 별명이 붙은 악기는 무엇인가요?,일반,음악 교육이나 대중문화에서 접할 수 있는 기초 음악 상식입니다.,추천
13766,Entertainment: Music,Multiple Choice,Medium,"'I'm never gonna dance again, guilty feet have got no rhythm' were lyrics from which Wham! hit single?",Druss,"'다시는 춤추지 않을 거야, 죄책감에 찬 두 발엔 리듬이 없으니'라는 가사가 나오는 Wham!의 히트 싱글은 무엇인가요?",전문/마니아,특정 가수·밴드·음반의 세부 이력을 알아야 풀 수 있습니다.,조건부
13760,History,Multiple Choice,Medium,The gunpowder plot was a well-known failed assassination attempt against which of England's then reigning monarchs?,Druss,화약 음모는 당시 영국의 군주 중 누구에 대한 암살 시도로 잘 알려져 있었습니까?,일반,세계사 교육이나 일반 교양으로 접할 수 있는 역사 문제입니다.,추천
13610,History,True / False,Medium,Canada was ceded to Britain under the terms of the 1763 Treaty of Paris.,Druss,캐나다는 1763년 파리 조약에 따라 영국에 할양되었습니다.,일반,세계사 교육이나 일반 교양으로 접할 수 있는 역사 문제입니다.,추천
13606,Entertainment: Music,Multiple Choice,Medium,Band Aid's 'Do They Know It's Christmas' was recorded to raise awareness of which issue in Ethiopia?,Druss,Band Aid의 'Do They Know It's Christmas'는 에티오피아의 어떤 문제에 대한 인식을 높이기 위해 녹음되었습니다?,전문/마니아,특정 가수·밴드·음반의 세부 이력을 알아야 풀 수 있습니다.,조건부
13576,History,Multiple Choice,Easy,Which South American country fought Great Britain over the Falkland Islands in 1982?,Druss,1982년 포클랜드 제도를 놓고 영국과 싸운 남미 국가는 어디인가요?,일반,세계사 교육이나 일반 교양으로 접할 수 있는 역사 문제입니다.,추천
13568,History,Multiple Choice,Hard,Who was the British Prime Minister at the outbreak of the Second World War in 1939?,PapiTopCat,1939년 제2차 세계대전이 발발했을 때 영국 총리는 누구인가요?,일반,세계사 교육이나 일반 교양으로 접할 수 있는 역사 문제입니다.,조건부
13534,Entertainment: Music,True / False,Easy,The K-Pop Boy Band BTS debuted in the year 2013.,AndyHollows,K팝 보이그룹 방탄소년단은 2013년 데뷔했다.,전문/마니아,특정 가수·밴드·음반의 세부 이력을 알아야 풀 수 있습니다.,조건부
13512,Entertainment: Music,Multiple Choice,Medium,'We Built This City' was a number one hit for which American rock band in 1985?,Druss,'We Build This City'는 1985년 어느 미국 록 밴드의 1위 히트곡이었습니까?,전문/마니아,특정 가수·밴드·음반의 세부 이력을 알아야 풀 수 있습니다.,조건부
13485,Entertainment: Music,Multiple Choice,Medium,Who performed the hit single 'Call Me' for the 1980 film 'American Gigolo'?,Druss,1980년 영화 'American Gigolo'의 히트 싱글 'Call Me'를 연주한 사람은 누구인가요?,전문/마니아,특정 가수·밴드·음반의 세부 이력을 알아야 풀 수 있습니다.,조건부
13484,Entertainment: Music,Multiple Choice,Hard,Which Manchester nightclub was considered central to the 'Madchester' music scene in the late 80's?,Druss,80년대 후반 '매드체스터' 음악계의 중심으로 여겨졌던 맨체스터 나이트클럽은 어디인가요?,전문/마니아,특정 가수·밴드·음반의 세부 이력을 알아야 풀 수 있습니다.,비추천
13480,Entertainment: Music,Multiple Choice,Easy,'The Safety Dance' was the biggest hit single for which Canadian act?,Druss,'The Safety Dance'는 어느 캐나다 배우의 가장 큰 히트 싱글이었습니까?,전문/마니아,특정 가수·밴드·음반의 세부 이력을 알아야 풀 수 있습니다.,조건부
13474,Entertainment: Music,Multiple Choice,Medium,What was the first music video to be broadcast on MTV?,Druss,MTV에서 최초로 방송된 뮤직비디오는 무엇인가요?,전문/마니아,특정 가수·밴드·음반의 세부 이력을 알아야 풀 수 있습니다.,조건부
13328,Entertainment: Music,Multiple Choice,Medium,Who sang backup vocals on Rockwell's hit 1984 single 'Somebody's Watching Me'?,Druss,Rockwell의 1984년 히트 싱글 'Somebody's Watching Me'에서 백업 보컬을 부른 사람은 누구인가요?,전문/마니아,특정 가수·밴드·음반의 세부 이력을 알아야 풀 수 있습니다.,조건부
13304,Entertainment: Music,Multiple Choice,Easy,Of which 90s boy band was Justin Timberlake a member?,Druss,저스틴 팀버레이크가 멤버였던 90년대 보이 밴드는 누구인가요?,전문/마니아,특정 가수·밴드·음반의 세부 이력을 알아야 풀 수 있습니다.,조건부
13300,Entertainment: Music,Multiple Choice,Medium,For which civil rights activist did Stevie Wonder write the song 'Happy Birthday' in 1980?,Druss,Stevie Wonder는 1980년에 누구의 민권 운동가를 위해 'Happy Birthday'라는 노래를 작곡했습니까?,전문/마니아,특정 가수·밴드·음반의 세부 이력을 알아야 풀 수 있습니다.,조건부
13297,Entertainment: Music,Multiple Choice,Medium,"Prior to going solo in 1982, Lionel Richie was a member of which Motown group?",Druss,1982년 솔로 활동을 시작하기 전 Lionel Richie는 다음 중 Motown 그룹의 멤버였습니다?,전문/마니아,특정 가수·밴드·음반의 세부 이력을 알아야 풀 수 있습니다.,조건부
13273,Entertainment: Music,Multiple Choice,Medium,"Which band, with Boy George on lead vocals, won the Brit Awards in 1984?",Druss,보이 조지(Boy George)가 리드 보컬을 맡은 밴드가 1984년에 브릿 어워드(Brit Awards)를 수상한 밴드는 어느 것입니까?,전문/마니아,특정 가수·밴드·음반의 세부 이력을 알아야 풀 수 있습니다.,조건부
13272,Entertainment: Music,Multiple Choice,Hard,Which British band won the first edition of the Brit Awards in 1977?,Druss,1977년 제1회 브릿 어워드(Brit Awards)에서 우승한 영국 밴드는 누구인가요?,전문/마니아,특정 가수·밴드·음반의 세부 이력을 알아야 풀 수 있습니다.,비추천
13271,Entertainment: Music,Multiple Choice,Medium,"Which musical group won the Brit Awards in 1985, with George Michael as a member?",Druss,조지 마이클(George Michael)이 멤버로 1985년 브릿 어워드(Brit Awards)를 수상한 음악 그룹은 누구인가요?,전문/마니아,특정 가수·밴드·음반의 세부 이력을 알아야 풀 수 있습니다.,조건부
13250,Entertainment: Music,Multiple Choice,Medium,What was George Michael's chart-topping 1987 debut studio album?,Druss,조지 마이클의 1987년 데뷔 스튜디오 앨범은 차트 1위를 차지했습니다?,전문/마니아,특정 가수·밴드·음반의 세부 이력을 알아야 풀 수 있습니다.,조건부
13243,Entertainment: Music,Multiple Choice,Medium,Who sung the opening theme song to the 1995 James Bond film 'Goldeneye'?,Druss,1995년 제임스 본드 영화 '골든아이'의 오프닝 주제가를 부른 사람은 누구인가요?,전문/마니아,특정 가수·밴드·음반의 세부 이력을 알아야 풀 수 있습니다.,조건부
13242,Entertainment: Music,Multiple Choice,Medium,What are the first few words in the lyrics of A-Ha's 'Take On Me'?,Druss,아하 'Take On Me' 가사의 처음 몇 단어는 무엇인가요?,전문/마니아,특정 가수·밴드·음반의 세부 이력을 알아야 풀 수 있습니다.,조건부
13235,Entertainment: Music,Multiple Choice,Medium,'Don't You Want Me?' was a number one hit in 1981 for which electropop band?,Druss,'나를 원하지 않나요?' 1981년에 1위를 차지했던 일렉트로팝 밴드는 누구일까요?,전문/마니아,특정 가수·밴드·음반의 세부 이력을 알아야 풀 수 있습니다.,조건부
13203,Entertainment: Music,Multiple Choice,Medium,"In The Bangles' 'Manic Monday', what time is it already?",Druss,"뱅글스의 '매닉 먼데이', 벌써 몇 시야?",전문/마니아,특정 가수·밴드·음반의 세부 이력을 알아야 풀 수 있습니다.,조건부
13135,History,Multiple Choice,Hard,Which Australian Prime Minister disappeared in 1967 and was never found?,Cobalt27,1967년에 실종되어 발견되지 않은 호주 총리는 누구인가요?,일반,세계사 교육이나 일반 교양으로 접할 수 있는 역사 문제입니다.,조건부
13046,Entertainment: Music,Multiple Choice,Medium,Which artist released his third and final studio album 'Electric Ladyland' before his death in 1970?,Druss,1970년 사망하기 전에 세 번째이자 마지막 정규 앨범 'Electric Ladyland'를 발매한 아티스트는 누구인가요?,전문/마니아,특정 가수·밴드·음반의 세부 이력을 알아야 풀 수 있습니다.,조건부
13016,Entertainment: Music,Multiple Choice,Easy,"What is the name of Metallica's debut album, released in 1983?",LunaSkadi,1983년에 발매된 메탈리카의 데뷔 앨범 이름은 무엇인가요?,전문/마니아,특정 가수·밴드·음반의 세부 이력을 알아야 풀 수 있습니다.,조건부
12934,Entertainment: Music,Multiple Choice,Hard,What is Justin Bieber's debut Album?,sackboyfan1999,저스틴 비버의 데뷔 앨범은 무엇인가요?,전문/마니아,특정 가수·밴드·음반의 세부 이력을 알아야 풀 수 있습니다.,비추천
12804,Entertainment: Music,Multiple Choice,Medium,La Fenice opera house is in which Italian city?,Druss,라 페니체 오페라 하우스가 있는 이탈리아 도시는 어디일까요?,일반,음악 교육이나 대중문화에서 접할 수 있는 기초 음악 상식입니다.,추천
12803,Entertainment: Music,Multiple Choice,Medium,"In Prokofiev's 'Peter and the Wolf', the wolf itself is represented by a trio of which musical instrument?",Druss,프로코피예프의 '피터와 늑대'에서 늑대 자체는 어떤 악기의 트리오로 표현됩니까?,일반,음악 교육이나 대중문화에서 접할 수 있는 기초 음악 상식입니다.,추천
12802,Entertainment: Music,Multiple Choice,Medium,"With his distinctive red hair, which Italian composer, born in 1678, was known as the 'Red Priest'?",Druss,독특한 붉은 머리로 '붉은 사제'로 알려진 1678년생 이탈리아 작곡가는 누구일까요?,전문/마니아,특정 가수·밴드·음반의 세부 이력을 알아야 풀 수 있습니다.,조건부
12772,Entertainment: Music,Multiple Choice,Medium,Which British female singer and songwriter was sampled Eminem's hit single 'Stan'?,Druss,에미넴의 히트 싱글 'Stan'을 샘플링한 영국 여성 싱어송라이터는 누구인가요?,전문/마니아,특정 가수·밴드·음반의 세부 이력을 알아야 풀 수 있습니다.,조건부
12698,Entertainment: Music,Multiple Choice,Easy,Ozzy Osbourne was the lead singer for what metal band?,Druss,오지 오스본은 어느 메탈 밴드의 리드 싱어였나요?,전문/마니아,특정 가수·밴드·음반의 세부 이력을 알아야 풀 수 있습니다.,조건부
12535,Science: Gadgets,Multiple Choice,Easy,What is the SI unit for resistance?,MattPupc,저항의 SI 단위는 무엇인가요?,일반,한국에서도 널리 쓰이는 전자기기에 관한 대중적 상식입니다.,추천
12501,Art,Multiple Choice,Medium,"Who painted the painting ""Nighthawks""?",sackboyfan1999,"""Nighthawks""라는 그림을 그린 사람은 누구인가요?",일반,학교 교육이나 대중매체에서 접할 수 있는 미술 상식입니다.,추천
12370,Art,Multiple Choice,Hard,"When was Salvador Dali's painting, ""The Persistence of Memory,"" completed?",sackboyfan1999,살바도르 달리의 그림 '기억의 지속'은 언제 완성됐나요?,전문/마니아,특정 미술 작품·작가에 관한 전문적인 배경지식이 필요합니다.,비추천
12286,Art,Multiple Choice,Medium,Which of these paintings did Johannes Vermeer not paint?,sackboyfan1999,다음 중 요하네스 베르메르가 그리지 않은 그림은 무엇인가요?,일반,학교 교육이나 대중매체에서 접할 수 있는 미술 상식입니다.,조건부
12154,Entertainment: Music,Multiple Choice,Medium,Who is the bassist of the British rock band Queen?,thatguygoob,영국 록밴드 퀸의 베이시스트는 누구인가요?,전문/마니아,특정 가수·밴드·음반의 세부 이력을 알아야 풀 수 있습니다.,조건부
12114,History,Multiple Choice,Easy,Which of these landmarks is not included in the original 'Seven Wonders of the Ancient World'?,halokiller,다음 중 원래 '고대 세계 7대 불가사의'에 포함되지 않은 랜드마크는 무엇인가요?,일반,세계사 교육이나 일반 교양으로 접할 수 있는 역사 문제입니다.,조건부
12074,History,Multiple Choice,Easy,"According to legend, the ancient Greeks constructed a huge wooden model of which animal to gain entrance to Troy?",Druss,"전설에 따르면, 고대 그리스인들은 어떤 동물의 거대한 나무 모형을 만들어 트로이로 들어갈 수 있었습니까?",일반,세계사 교육이나 일반 교양으로 접할 수 있는 역사 문제입니다.,추천
12073,History,Multiple Choice,Hard,The term Luddite originally applied to disgruntled workers in which industry?,Druss,Luddite라는 용어는 원래 어느 업계에서 불만을 품은 근로자에게 적용되었습니까?,일반,세계사 교육이나 일반 교양으로 접할 수 있는 역사 문제입니다.,조건부
12025,History,Multiple Choice,Hard,The first Legoland park was opened in 1968 in which of these cities?,JosephStardust,다음 중 최초의 레고랜드 공원이 1968년에 문을 연 도시는 어디일까요?,일반,세계사 교육이나 일반 교양으로 접할 수 있는 역사 문제입니다.,조건부
12015,Entertainment: Music,Multiple Choice,Hard,Which of these is Daft Punk's debut single?,pretty1k,다음 중 Daft Punk의 데뷔 싱글은 무엇인가요?,전문/마니아,특정 가수·밴드·음반의 세부 이력을 알아야 풀 수 있습니다.,비추천
11763,Science: Gadgets,Multiple Choice,Medium,When was the compact disc player first released?,sackboyfan1999,컴팩트 디스크 플레이어는 언제 처음 출시되었나요?,일반,한국에서도 널리 쓰이는 전자기기에 관한 대중적 상식입니다.,추천
11546,Science: Mathematics,Multiple Choice,Easy,How many square faces does a cube have?,Chester1994,정육면체에는 몇 개의 정사각형 면이 있습니까?,일반,한국의 학교 수학이나 기초 수학 상식으로 접할 수 있습니다.,추천
11405,Entertainment: Music,Multiple Choice,Medium,"When was the Prince album ""Purple Rain"" released?",sackboyfan1999,프린스 앨범 'Purple Rain'은 언제 발매됐나요?,전문/마니아,특정 가수·밴드·음반의 세부 이력을 알아야 풀 수 있습니다.,조건부
11369,Entertainment: Music,True / False,Easy,"To become a ""one-hit wonder"" artist needs to release only one song per year.",Kuyosakee,'원 히트 원더' 아티스트가 되려면 1년에 한 곡만 발표하면 된다.,전문/마니아,특정 가수·밴드·음반의 세부 이력을 알아야 풀 수 있습니다.,조건부
11317,Art,Multiple Choice,Medium,Which one of these colors are not featured in Mondrian's Broadway Boogie-Woogie?,Moustiluigi,다음 중 몬드리안의 브로드웨이 부기우기에 등장하지 않는 색상은 무엇인가요?,일반,학교 교육이나 대중매체에서 접할 수 있는 미술 상식입니다.,추천
11306,History,Multiple Choice,Hard,The Arab Spring was a series of protests and rebellions that began in which of these Arab nations?,shnogg,아랍의 봄은 다음 중 어느 아랍 국가에서 시작된 일련의 항의와 반란이었습니까?,일반,세계사 교육이나 일반 교양으로 접할 수 있는 역사 문제입니다.,조건부
11261,History,Multiple Choice,Medium,"Which of the following years is commonly referred to as the ""Year Without a Summer""?",obscurities,"다음 중 일반적으로 ""여름이 없는 해""라고 불리는 해는 어느 해입니까?",일반,세계사 교육이나 일반 교양으로 접할 수 있는 역사 문제입니다.,조건부
11235,General Knowledge,Multiple Choice,Easy,Which of these Marvel games was released on the Playstation 2?,MMorange,다음 중 PlayStation 2로 출시된 Marvel 게임은 무엇인가요?,전문/마니아,특정 게임의 캐릭터·설정·플레이 지식을 알아야 풀 수 있습니다.,조건부
11221,History,Multiple Choice,Hard,What year was the first Pizza Hut restaurant opened?,ETupgrade,최초의 피자헛 레스토랑이 문을 연 해는 몇 년입니까?,일반,세계사 교육이나 일반 교양으로 접할 수 있는 역사 문제입니다.,조건부
11202,History,Multiple Choice,Medium,"Which British monarch was also known as ""William of Orange""?",MrStabby87,"""오렌지의 윌리엄""으로도 알려진 영국 군주는 누구인가요?",일반,세계사 교육이나 일반 교양으로 접할 수 있는 역사 문제입니다.,추천
11175,Entertainment: Music,Multiple Choice,Medium,Pearl Jam was originally named after which sports figure?,that1capybara,Pearl Jam은 원래 어떤 스포츠 선수의 이름을 따서 명명되었습니까?,전문/마니아,특정 가수·밴드·음반의 세부 이력을 알아야 풀 수 있습니다.,조건부
11093,Art,Multiple Choice,Medium,"Who painted ""The Scream""?",aimzatron,<절규>를 그린 사람은 누구인가요?,일반,학교 교육이나 대중매체에서 접할 수 있는 미술 상식입니다.,추천
11065,History,Multiple Choice,Easy,"What battle was the longest in World War I, lasting approximately 303 days?",M4rch,제1차 세계 대전에서 약 303일 동안 지속된 가장 긴 전투는 무엇인가요?,일반,세계사 교육이나 일반 교양으로 접할 수 있는 역사 문제입니다.,추천
10952,Geography,True / False,Easy,Argentina's name comes from the latin name for Silver.,HeyStella,아르헨티나의 이름은 은(Silver)의 라틴어 이름에서 유래되었습니다.,일반,한국의 교육과정이나 세계지리 상식으로 접할 수 있는 문제입니다.,추천
10951,Geography,True / False,Easy,Colombia is named after Christopher Columbus.,HeyStella,콜롬비아는 크리스토퍼 콜럼버스의 이름을 따서 명명되었습니다.,일반,한국의 교육과정이나 세계지리 상식으로 접할 수 있는 문제입니다.,추천
10950,Geography,True / False,Easy,"Until 1939, Laos was called Siam.",HeyStella,1939년까지 라오스는 시암(Siam)으로 불렸다.,일반,한국의 교육과정이나 세계지리 상식으로 접할 수 있는 문제입니다.,추천
10949,Geography,Multiple Choice,Easy,Guyana is in which continent?,HeyStella,가이아나는 어느 대륙에 있나요?,일반,한국의 교육과정이나 세계지리 상식으로 접할 수 있는 문제입니다.,추천
10948,Geography,Multiple Choice,Easy,The country of Belize borders which country?,HeyStella,벨리즈 국가와 접해 있는 국가는 어디일까요?,일반,한국의 교육과정이나 세계지리 상식으로 접할 수 있는 문제입니다.,추천
10947,Geography,Multiple Choice,Medium,Where is the ancient city of Petra located?,HeyStella,고대 도시 페트라는 어디에 위치해 있나요?,일반,한국의 교육과정이나 세계지리 상식으로 접할 수 있는 문제입니다.,추천
10877,Geography,True / False,Easy,Miami is Florida's largest city.,food,마이애미는 플로리다에서 가장 큰 도시이다.,일반,한국의 교육과정이나 세계지리 상식으로 접할 수 있는 문제입니다.,추천
10840,Geography,Multiple Choice,Easy,Which Borough is the farthest in the north of New York City?,Rexthedude13,뉴욕시 북쪽에서 가장 먼 자치구는 어디인가요?,해외특화,특정 외국의 지방 행정구역에 관한 현지 중심 지식입니다.,조건부
10824,Entertainment: Music,Multiple Choice,Easy,Who was the most streamed artist on Spotify in 2019?,CRAIGCONTRERAS,2019년 Spotify에서 가장 많이 스트리밍된 아티스트는 누구인가요?,전문/마니아,특정 가수·밴드·음반의 세부 이력을 알아야 풀 수 있습니다.,조건부
10813,Geography,Multiple Choice,Medium,"In Washington, D.C. what does the ""C"" stand for?",Soothsayer98,"워싱턴 D.C.에서 ""C""는 무엇을 의미하나요?",일반,한국의 교육과정이나 세계지리 상식으로 접할 수 있는 문제입니다.,추천
10806,Geography,Multiple Choice,Hard,What is the capital of Suriname?,Soothsayer98,수리남의 수도는 무엇인가요?,일반,한국의 교육과정이나 세계지리 상식으로 접할 수 있는 문제입니다.,조건부
10804,Geography,Multiple Choice,Hard,Which of these African countries displays a gun on their flag?,Soothsayer98,다음 중 국기에 총을 표시하는 아프리카 국가는 어디인가요?,일반,한국의 교육과정이나 세계지리 상식으로 접할 수 있는 문제입니다.,조건부
10759,Entertainment: Music,Multiple Choice,Medium,"When did Radiohead release their album ""OK Computer""?",JaK3,"라디오헤드는 언제 앨범 ""OK Computer""를 발표했나요?",전문/마니아,특정 가수·밴드·음반의 세부 이력을 알아야 풀 수 있습니다.,조건부
10752,Science: Mathematics,Multiple Choice,Easy,Who proved Fermat's Last Theorem?,ears,페르마의 마지막 정리를 증명한 사람은 누구인가요?,전문/마니아,고급 수학 개념이나 수학사 지식이 필요한 문제입니다.,조건부
10728,Geography,True / False,Easy,South Africa has more than one capital city,dewaldels,남아프리카공화국에는 수도가 두 개 이상 있습니다.,일반,한국의 교육과정이나 세계지리 상식으로 접할 수 있는 문제입니다.,추천
10703,Art,Multiple Choice,Easy,What is another name for La Gioconda / La Joconde?,jiffle,La Gioconda / La Joconde의 또 다른 이름은 무엇인가요?,일반,학교 교육이나 대중매체에서 접할 수 있는 미술 상식입니다.,추천
10701,Art,Multiple Choice,Easy,Which artist is famous for cutting off his ear?,jiffle,귀를 잘린 것으로 유명한 예술가는 누구일까요?,일반,학교 교육이나 대중매체에서 접할 수 있는 미술 상식입니다.,추천
10690,Geography,Multiple Choice,Hard,What was the original name of Ho Chi Minh City?,jiffle,호치민시의 원래 이름은 무엇인가요?,일반,한국의 교육과정이나 세계지리 상식으로 접할 수 있는 문제입니다.,조건부
10689,Geography,Multiple Choice,Hard,What is special about Lake Titicaca?,jiffle,티티카카 호수의 특별한 점은 무엇인가요?,일반,한국의 교육과정이나 세계지리 상식으로 접할 수 있는 문제입니다.,조건부
10685,Geography,Multiple Choice,Medium,Which stretch of water connects the Atlantic Ocean to the Mediterranean Sea?,jiffle,대서양과 지중해를 연결하는 물의 범위는 어디인가요?,일반,한국의 교육과정이나 세계지리 상식으로 접할 수 있는 문제입니다.,추천
10684,Geography,Multiple Choice,Medium,Which is the smallest country in the world?,jiffle,세계에서 가장 작은 나라는 어디일까요?,일반,한국의 교육과정이나 세계지리 상식으로 접할 수 있는 문제입니다.,추천
10680,Geography,Multiple Choice,Easy,Where was the ancient city of Pompeii?,jiffle,고대 도시 폼페이는 어디에 있었나요?,일반,한국의 교육과정이나 세계지리 상식으로 접할 수 있는 문제입니다.,추천
10625,Science: Computers,Multiple Choice,Easy,Color model CMYK stands for?,SilverSandRGF,색상 모델 CMYK는?,전문/마니아,컴퓨터 구조·소프트웨어에 관한 기술 지식이 필요한 문제입니다.,조건부
10603,Art,Multiple Choice,Medium,"In ""Last Supper"" by Leonardo Da Vinci, what two colors were the robes worn by Jesus?",Druss,레오나르도 다빈치의 '최후의 만찬'에서 예수가 입었던 옷은 두 가지 색깔이었나요?,일반,학교 교육이나 대중매체에서 접할 수 있는 미술 상식입니다.,추천
10525,Geography,Multiple Choice,Hard,Which of the following landlocked countries is entirely contained within another country?,Pinocchio,다음 내륙 국가 중 완전히 다른 국가 내에 포함되어 있는 국가는 어디인가요?,일반,한국의 교육과정이나 세계지리 상식으로 접할 수 있는 문제입니다.,조건부
10520,Geography,Multiple Choice,Easy,What is the capital of Finland?,Pinocchio,핀란드의 수도는 무엇인가요?,일반,한국의 교육과정이나 세계지리 상식으로 접할 수 있는 문제입니다.,추천
10500,Science: Mathematics,Multiple Choice,Easy,What is the mathematician Euler's first name?,franklincool,수학자 오일러의 이름은 무엇인가요?,일반,한국의 학교 수학이나 기초 수학 상식으로 접할 수 있습니다.,추천
10487,Science: Mathematics,Multiple Choice,Hard,What is the only Millennium Prize Problem that has been solved so far?,franklincool,지금까지 해결된 유일한 밀레니엄상 문제는 무엇인가요?,전문/마니아,특정 분야 지식과 기준 시점 확인이 모두 필요한 문제입니다.,비추천
10469,Entertainment: Music,True / False,Medium,The album reputation by Taylor Swift has 15 songs,kiko1801,Taylor Swift의 앨범 평판에는 15곡이 있습니다.,전문/마니아,특정 가수·밴드·음반의 세부 이력을 알아야 풀 수 있습니다.,조건부
10464,Geography,Multiple Choice,Easy,Which US state is furthest north east?,Druss,미국에서 북동쪽으로 가장 먼 주는 어디인가요?,해외특화,특정 외국의 지방 행정구역에 관한 현지 중심 지식입니다.,조건부
10462,Geography,Multiple Choice,Hard,Which of these is an official currency of the Cook Islands?,Druss,다음 중 쿡 제도의 공식 통화는 무엇인가요?,일반,한국의 교육과정이나 세계지리 상식으로 접할 수 있는 문제입니다.,조건부
10461,Geography,Multiple Choice,Medium,A lion brandishing a sword is depicted on the national flag of which country?,Druss,칼을 휘두르는 사자가 국기에 그려져 있는 나라는 어디일까요?,일반,한국의 교육과정이나 세계지리 상식으로 접할 수 있는 문제입니다.,추천
10446,Entertainment: Music,Multiple Choice,Hard,What rock group is named after a gym teacher who taught at the original band members' high school?,Druss,원래 밴드 멤버들의 고등학교에서 가르쳤던 체육 교사의 이름을 딴 록 그룹은 무엇인가요?,전문/마니아,특정 가수·밴드·음반의 세부 이력을 알아야 풀 수 있습니다.,비추천
10441,Entertainment: Music,Multiple Choice,Easy,"What kind of instrument is a ""Mandolin""?",MrStabby87,만돌린은 어떤 악기인가요?,전문/마니아,특정 가수·밴드·음반의 세부 이력을 알아야 풀 수 있습니다.,조건부
10422,Entertainment: Music,Multiple Choice,Medium,A piccolo is a smaller version of what instrument?,Druss,피콜로는 어떤 악기의 작은 버전인가요?,전문/마니아,특정 가수·밴드·음반의 세부 이력을 알아야 풀 수 있습니다.,조건부
10376,Art,Multiple Choice,Hard,What nationality was the famous artist Van Gogh?,EvieAstwood,유명한 예술가 반 고흐는 어느 국적의 사람이었습니까?,일반,학교 교육이나 대중매체에서 접할 수 있는 미술 상식입니다.,조건부
10375,Art,True / False,Hard,A typical trait of the Expressionist art movement is to distort the world radically for emotional effect.,EvieAstwood,표현주의 미술 운동의 전형적인 특징은 정서적 효과를 위해 세상을 근본적으로 왜곡하는 것입니다.,전문/마니아,특정 미술 작품·작가에 관한 전문적인 배경지식이 필요합니다.,비추천
10374,Art,True / False,Hard,"The name ""Impressionsim"" was first given to that art movement by a critic's satirical review of a Monet painting.",EvieAstwood,"""인상심(Impressionsim)""이라는 이름은 모네 그림에 대한 한 비평가의 풍자적 평가에서 처음으로 이 예술 운동에 붙여졌습니다.",전문/마니아,특정 미술 작품·작가에 관한 전문적인 배경지식이 필요합니다.,비추천
10372,Art,Multiple Choice,Hard,Which art movement was Pablo Picasso known for co-founding?,EvieAstwood,파블로 피카소가 공동 창립한 것으로 알려진 예술 운동은 무엇인가요?,일반,학교 교육이나 대중매체에서 접할 수 있는 미술 상식입니다.,조건부
10370,Art,Multiple Choice,Hard,What nationality was the famous artist Pablo Picasso?,EvieAstwood,유명한 예술가 파블로 피카소는 어느 국적의 사람이었습니까?,일반,학교 교육이나 대중매체에서 접할 수 있는 미술 상식입니다.,조건부
10316,History,Multiple Choice,Hard,What was the Canada's first capital?,Vinz,캐나다 최초의 수도는 어디인가요?,일반,세계사 교육이나 일반 교양으로 접할 수 있는 역사 문제입니다.,조건부
10313,Geography,Multiple Choice,Easy,Which city is the biggest in Canada?,Vinz,캐나다에서 가장 큰 도시는 어디인가요?,일반,한국의 교육과정이나 세계지리 상식으로 접할 수 있는 문제입니다.,추천
10312,History,Multiple Choice,Easy,"Where did first known lesbian rights organization in the United States, Daughters of Bilitis, start?",keerthana,미국 최초의 레즈비언 권리 단체인 Daughters of Bilitis는 어디에서 시작되었습니까?,일반,세계사 교육이나 일반 교양으로 접할 수 있는 역사 문제입니다.,추천
10252,Entertainment: Music,Multiple Choice,Medium,How many semitones are in an octave?,cig,한 옥타브에는 몇 개의 반음이 있나요?,전문/마니아,특정 가수·밴드·음반의 세부 이력을 알아야 풀 수 있습니다.,조건부
10240,Geography,Multiple Choice,Medium,What is the capital of Laos?,TheTommynator,라오스의 수도는 무엇인가요?,일반,한국의 교육과정이나 세계지리 상식으로 접할 수 있는 문제입니다.,추천
10192,Animals,Multiple Choice,Hard,What is the scientific name for the Bald Eagle?,ZoranaTheEagle,대머리 독수리의 학명은 무엇인가요?,일반,대중매체나 생물 교육에서 접할 수 있는 동물 상식입니다.,조건부
10161,Geography,True / False,Medium,The capital of Brazil is Rio de Janeiro.,Skywalker97,브라질의 수도는 리우데자네이루입니다.,일반,한국의 교육과정이나 세계지리 상식으로 접할 수 있는 문제입니다.,추천
10155,Science: Computers,Multiple Choice,Medium,Linus Torvalds created which of these?,kel5isgod,리누스 토발즈(Linus Torvalds)가 만든 것은 다음 중 무엇인가요?,전문/마니아,컴퓨터 구조·소프트웨어에 관한 기술 지식이 필요한 문제입니다.,조건부
10139,History,Multiple Choice,Easy,What war did George Orwell famously volunteer for and nearly died in?,PixelLeaf,조지 오웰은 어떤 전쟁에 자원하여 거의 죽을 뻔한 것으로 유명합니까?,일반,세계사 교육이나 일반 교양으로 접할 수 있는 역사 문제입니다.,추천
10136,History,Multiple Choice,Medium,In what year did William the Conqueror take control of England?,PixelLeaf,정복자 윌리엄이 영국을 장악한 해는 몇 년입니까?,일반,세계사 교육이나 일반 교양으로 접할 수 있는 역사 문제입니다.,추천
10130,History,True / False,Hard,The fork came to Italy before any other European country.,JohnWickerMan,포크는 다른 유럽 국가보다 먼저 이탈리아에 왔습니다.,일반,세계사 교육이나 일반 교양으로 접할 수 있는 역사 문제입니다.,조건부
10086,Animals,True / False,Easy,Elephants are physically unable to jump.,JohnWickerMan,코끼리는 육체적으로 점프할 수 없습니다.,일반,대중매체나 생물 교육에서 접할 수 있는 동물 상식입니다.,추천
10042,Art,True / False,Hard,Ancient Greek and Roman sculptors often colored their statues.,Cadet,고대 그리스와 로마의 조각가들은 종종 자신들의 조각상에 채색을 했습니다.,전문/마니아,특정 미술 작품·작가에 관한 전문적인 배경지식이 필요합니다.,비추천
10033,Geography,Multiple Choice,Medium,Which is the only US state located entirely within the Appalachia region?,HaniiPuppy,애팔래치아 지역 내에 완전히 위치한 미국의 유일한 주는 어디인가요?,해외특화,특정 외국의 지방 행정구역에 관한 현지 중심 지식입니다.,비추천
10015,History,Multiple Choice,Hard,When was the Gregorian Calendar first adopted?,zekmes,그레고리력은 언제 처음 채택되었나요?,일반,세계사 교육이나 일반 교양으로 접할 수 있는 역사 문제입니다.,조건부
10003,History,Multiple Choice,Medium,Who was a military strategist in the Eastern Zhou period?,JonTheVGNerd,동부 주(周) 시대의 군사 전략가는 누구인가요?,일반,세계사 교육이나 일반 교양으로 접할 수 있는 역사 문제입니다.,추천
9948,Geography,Multiple Choice,Medium,What is the capital of Brazil?,RatsTap,브라질의 수도는 무엇인가요?,일반,한국의 교육과정이나 세계지리 상식으로 접할 수 있는 문제입니다.,추천
9943,Geography,Multiple Choice,Medium,What is the capital of Cyprus?,Chalios,키프로스의 수도는 무엇인가요?,일반,한국의 교육과정이나 세계지리 상식으로 접할 수 있는 문제입니다.,추천
9942,Entertainment: Music,Multiple Choice,Medium,"What is the real name of rapper, The Notorious B.I.G?",Chalios,래퍼 노토리어스 B.I.G의 본명은?,전문/마니아,특정 가수·밴드·음반의 세부 이력을 알아야 풀 수 있습니다.,조건부
9934,History,Multiple Choice,Hard,What did Albert Einstein win the Nobel Prize for in 1921?,madinasaf,알베르트 아인슈타인은 1921년에 무엇으로 노벨상을 받았습니까?,일반,세계사 교육이나 일반 교양으로 접할 수 있는 역사 문제입니다.,조건부
9915,History,True / False,Medium,The Panama Canal was opened to traffic within 30 days of the beginning of World War I.,remembermekid,파나마 운하는 제1차 세계 대전이 시작된 지 30일 만에 개통되었습니다.,일반,세계사 교육이나 일반 교양으로 접할 수 있는 역사 문제입니다.,추천
9911,Animals,Multiple Choice,Easy,Which is the national animal of India?,Ananthu,인도의 국가 동물은 무엇인가요?,해외특화,특정 국가의 상징물에 관한 현지 문화 중심 지식입니다.,조건부
9908,History,Multiple Choice,Medium,The Little Entente was an alliance formed against which nation?,conorod,Little Entente는 어느 국가에 대항하여 결성된 동맹이었습니까?,일반,세계사 교육이나 일반 교양으로 접할 수 있는 역사 문제입니다.,추천
9907,Geography,Multiple Choice,Medium,Which of the following countries is an island?,Hobo1337,다음 중 섬인 국가는 어디인가요?,일반,한국의 교육과정이나 세계지리 상식으로 접할 수 있는 문제입니다.,조건부
9825,Animals,Multiple Choice,Medium,What is the average lifespan of a domestic rabbit?,lunalucid,집토끼의 평균 수명은 얼마나 됩니까?,일반,대중매체나 생물 교육에서 접할 수 있는 동물 상식입니다.,추천
9823,Entertainment: Video Games,Multiple Choice,Hard,Which one of these characters appeared in Marvel vs Capcom: Infinite?,Gwello,다음 중 Marvel vs Capcom: Infinite에 등장한 캐릭터는 누구인가요?,전문/마니아,특정 게임의 캐릭터·설정·플레이 지식을 알아야 풀 수 있습니다.,비추천
9822,Geography,Multiple Choice,Medium,Which one of these archipelagos are NOT a part of the United Kingdom?,Gwello,다음 군도 중 영국의 일부가 아닌 것은 어느 것입니까?,일반,한국의 교육과정이나 세계지리 상식으로 접할 수 있는 문제입니다.,추천
9810,Geography,Multiple Choice,Hard,Where is Fort Marlborough located?,Sebs,포트말보로의 위치는 어떻게 되나요?,일반,한국의 교육과정이나 세계지리 상식으로 접할 수 있는 문제입니다.,조건부
9792,Geography,Multiple Choice,Easy,"Which of the following geographic features is a ring-shaped coral reef, island, or series of islets?",dellingc,"다음 중 고리 모양의 산호초, 섬 또는 일련의 섬인 지리적 특징은 무엇인가요?",일반,한국의 교육과정이나 세계지리 상식으로 접할 수 있는 문제입니다.,조건부
9791,Geography,Multiple Choice,Medium,Bikini Atoll is in which country?,dellingc,비키니 환초는 어느 나라에 있나요?,일반,한국의 교육과정이나 세계지리 상식으로 접할 수 있는 문제입니다.,추천
9700,History,Multiple Choice,Hard,Which country were potatoes originally grown?,HeyStella,감자는 원래 어느 나라에서 재배되었나요?,일반,세계사 교육이나 일반 교양으로 접할 수 있는 역사 문제입니다.,조건부
9699,Geography,Multiple Choice,Medium,What is the capital of Ecuador?,HeyStella,에콰도르의 수도는 무엇인가요?,일반,한국의 교육과정이나 세계지리 상식으로 접할 수 있는 문제입니다.,추천
9698,Geography,Multiple Choice,Hard,Where is Timbuktu located?,HeyStella,팀북투는 어디에 있나요?,일반,한국의 교육과정이나 세계지리 상식으로 접할 수 있는 문제입니다.,조건부
9691,Art,Multiple Choice,Medium,Which Greek sculptor designed the Athena Parthenos statue inside the Parthenon?,SkyZero96,파르테논 신전 내부의 아테나 파르테노스 조각상을 디자인한 그리스 조각가는 누구인가요?,일반,학교 교육이나 대중매체에서 접할 수 있는 미술 상식입니다.,추천
9690,Geography,Multiple Choice,Medium,Which Oceanian nation is known in Māori as Aotearoa?,Cadet,마오리어로 아오테아로아(Aotearoa)로 알려진 오세아니아 국가는 어디인가요?,일반,한국의 교육과정이나 세계지리 상식으로 접할 수 있는 문제입니다.,추천
9645,Geography,Multiple Choice,Hard,Which of these countries is NOT the only country to start with that letter of the alphabet?,jmsr525,다음 중 해당 알파벳 문자로 시작하는 유일한 국가가 아닌 국가는 어디인가요?,일반,한국의 교육과정이나 세계지리 상식으로 접할 수 있는 문제입니다.,조건부
9642,History,Multiple Choice,Medium,"As poverty and racial tensions pushed African-Americans out of the southern US, many of them moved north in an event known as what?",Cadet,빈곤과 인종적 긴장으로 인해 아프리카계 미국인들이 미국 남부에서 밀려나자 그들 중 많은 사람들이 북쪽으로 이주했습니다. 이 사건은 무엇인가요?,일반,세계사 교육이나 일반 교양으로 접할 수 있는 역사 문제입니다.,추천
9641,History,Multiple Choice,Medium,What was the name of the African-American cultural explosion centered in upper Manhattan during the 1920s and 1930s?,Cadet,1920년대와 1930년대 맨해튼 북부를 중심으로 일어난 아프리카계 미국인 문화 폭발의 이름은 무엇인가요?,일반,세계사 교육이나 일반 교양으로 접할 수 있는 역사 문제입니다.,추천
9640,Geography,Multiple Choice,Hard,Where is the city of Haarlem located?,Cadet,하를렘 시는 어디에 위치해 있나요?,일반,한국의 교육과정이나 세계지리 상식으로 접할 수 있는 문제입니다.,조건부
9633,Geography,Multiple Choice,Hard,With which country does France share its largest land border,bartlett,프랑스는 어느 나라와 가장 큰 국경을 공유하고 있습니까?,일반,한국의 교육과정이나 세계지리 상식으로 접할 수 있는 문제입니다.,조건부
9626,Politics,Multiple Choice,Easy,Who was South Africa's first Black President?,bruce,남아프리카 최초의 흑인 대통령은 누구인가요?,일반,국제 뉴스나 사회 교육에서 접할 수 있는 정치 상식입니다.,추천
9616,Geography,Multiple Choice,Easy,About how many countries are there in the world?,jmsr525,전 세계에는 대략 몇 개국이 있나요?,일반,한국의 교육과정이나 세계지리 상식으로 접할 수 있는 문제입니다.,추천
9609,Entertainment: Music,Multiple Choice,Easy,Which genre of music is John Coltrane primarily associated with?,ITheWarden,John Coltrane은 주로 어떤 장르의 음악과 관련이 있습니까?,전문/마니아,특정 가수·밴드·음반의 세부 이력을 알아야 풀 수 있습니다.,조건부
9604,Animals,Multiple Choice,Hard,Chronic Wasting Disease (CWD) exclusively infects members of which family of animals?,ITheWarden,만성 소모성 질환(CWD)은 다음 중 어느 동물과에 속하는 구성원에게만 감염됩니까?,일반,대중매체나 생물 교육에서 접할 수 있는 동물 상식입니다.,조건부
9601,Science: Computers,Multiple Choice,Easy,What does SSD stand for?,khairul,SSD는 무엇을 의미합니까?,전문/마니아,컴퓨터 구조·소프트웨어에 관한 기술 지식이 필요한 문제입니다.,조건부
9575,Entertainment: Music,Multiple Choice,Medium,"Which city is the American singer ""Pitbull"" from?",ITheWarden,미국 가수 'Pitbull'은 어느 도시 출신인가요?,전문/마니아,특정 가수·밴드·음반의 세부 이력을 알아야 풀 수 있습니다.,조건부
9564,Science: Computers,Multiple Choice,Easy,What kind of memory is used on memory cache?,g1216199,메모리 캐시에는 어떤 종류의 메모리가 사용됩니까?,전문/마니아,컴퓨터 구조·소프트웨어에 관한 기술 지식이 필요한 문제입니다.,조건부
9545,Entertainment: Music,Multiple Choice,Medium,"In music theory, how many notes are in a seventh chord?",jtp40,음악 이론에서 7화음에는 몇 개의 음표가 있습니까?,일반,음악 교육이나 대중문화에서 접할 수 있는 기초 음악 상식입니다.,추천
9542,Entertainment: Music,Multiple Choice,Easy,"Which Daft Punk album is the song ""Harder, Better, Faster, Stronger"" from?",ITheWarden,"Daft Punk의 ""Harder, Better, Faster, Stronger"" 노래는 어느 앨범에 포함되어 있나요?",전문/마니아,특정 가수·밴드·음반의 세부 이력을 알아야 풀 수 있습니다.,조건부
9539,Animals,True / False,Medium,"The ""mountain chicken"" is a chicken.",Azurehue22,"""산닭""은 닭이다.",일반,대중매체나 생물 교육에서 접할 수 있는 동물 상식입니다.,추천
9516,Science & Nature,Multiple Choice,Medium,Which of these is NOT a bone found in the human arm?,SkyZero96,다음 중 사람의 팔에서 발견된 뼈가 아닌 것은 무엇인가요?,일반,한국의 과학 교육과정이나 보편적인 자연과학 상식입니다.,조건부
9515,Science: Mathematics,True / False,Medium,Aleph-nought is the cardinality of the set of all natural numbers.,SkyZero96,알레프노트(Aleph-nought)는 모든 자연수 집합의 카디널리티입니다.,전문/마니아,고급 수학 개념이나 수학사 지식이 필요한 문제입니다.,조건부
9514,Science: Mathematics,Multiple Choice,Easy,"What comes after a Million, a Billion, and a Trillion?",SkyZero96,"100만, 10억, 1조 뒤에는 무엇이 올까요?",전문/마니아,고급 수학 개념이나 수학사 지식이 필요한 문제입니다.,조건부
9512,General Knowledge,Multiple Choice,Easy,What is the perimeter of a circle more commonly known as?,SkyZero96,더 일반적으로 알려진 원의 둘레는 무엇인가요?,일반,한국의 일반 교육과정이나 보편 상식으로 접할 수 있는 문제입니다.,추천
9498,Animals,Multiple Choice,Medium,Which dog breed is named after a region in Croatia,likliklik,크로아티아 지역의 이름을 딴 개 품종은 무엇인가요?,일반,대중매체나 생물 교육에서 접할 수 있는 동물 상식입니다.,추천
9495,Geography,True / False,Hard,"In the Canadian province of Alberta, the city of Calgary is located further north than the city of Edmonton.",Cadet,캐나다 앨버타 주에는 캘거리 시가 에드먼턴 시보다 더 북쪽에 위치해 있습니다.,해외특화,특정 외국의 지방 행정구역에 관한 현지 중심 지식입니다.,비추천
9493,Science: Computers,Multiple Choice,Easy,What does the computer software acronym JVM stand for?,Karen,컴퓨터 소프트웨어 약어 JVM은 무엇을 의미합니까?,일반,디지털 기기와 인터넷 사용에서 접할 수 있는 기초 컴퓨터 상식입니다.,추천
9479,Politics,Multiple Choice,Medium,Who is one of the co-princes of Andorra?,HaniiPuppy,안도라의 공동 왕자 중 한 명은 누구인가요?,일반,국제 뉴스나 사회 교육에서 접할 수 있는 정치 상식입니다.,추천
9443,Geography,Multiple Choice,Hard,Which of the following is a castle?,HaniiPuppy,다음 중 성은 무엇인가요?,일반,한국의 교육과정이나 세계지리 상식으로 접할 수 있는 문제입니다.,조건부
9440,Animals,Multiple Choice,Easy,Which of these animals are not real?,HaniiPuppy,다음 중 실제 동물이 아닌 것은 무엇인가요?,일반,대중매체나 생물 교육에서 접할 수 있는 동물 상식입니다.,조건부
9439,Science: Computers,Multiple Choice,Easy,"In computing, how many bits are in a nibble?",HaniiPuppy,컴퓨팅에서 니블에는 몇 비트가 포함됩니까?,전문/마니아,컴퓨터 구조·소프트웨어에 관한 기술 지식이 필요한 문제입니다.,조건부
9430,Geography,Multiple Choice,Hard,Which city is the capital of Michigan?,Chianticat10,미시간 주의 주도는 어느 도시인가요?,일반,한국의 교육과정이나 세계지리 상식으로 접할 수 있는 문제입니다.,조건부
9425,Geography,Multiple Choice,Easy,What is the capital of Bangladesh?,tanbir2025,방글라데시의 수도는 무엇인가요?,일반,한국의 교육과정이나 세계지리 상식으로 접할 수 있는 문제입니다.,추천
9306,Geography,True / False,Medium,Russia shares a land border with North Korea.,Pimastr,러시아는 북한과 육지 국경을 공유하고 있다.,일반,한국의 교육과정이나 세계지리 상식으로 접할 수 있는 문제입니다.,추천
9305,Geography,Multiple Choice,Hard,How many countries share a land border with Russia? (Not including disputed territories),Pimastr,러시아와 육로 국경을 맞대고 있는 나라는 몇 개인가요? (분쟁 지역 제외),일반,한국의 교육과정이나 세계지리 상식으로 접할 수 있는 문제입니다.,조건부
9281,Animals,Multiple Choice,Hard,What is the average amount of chinchillas born into a single litter?,GeneralGramps,한 배에 태어난 친칠라의 평균 양은 얼마입니까?,일반,대중매체나 생물 교육에서 접할 수 있는 동물 상식입니다.,조건부
9273,Geography,Multiple Choice,Hard,How many islands does Kuwait have?,ArrogantAmbassador1,쿠웨이트에는 섬이 몇 개 있나요?,일반,한국의 교육과정이나 세계지리 상식으로 접할 수 있는 문제입니다.,조건부
9260,Animals,True / False,Medium,The echidna is a monotreme.,teonactl,바늘 두더지는 단공류입니다.,일반,대중매체나 생물 교육에서 접할 수 있는 동물 상식입니다.,추천
9249,Science: Computers,Multiple Choice,Easy,What does the term USB stand for?,SirFrolo,USB라는 용어는 무엇을 의미합니까?,전문/마니아,컴퓨터 구조·소프트웨어에 관한 기술 지식이 필요한 문제입니다.,조건부
9236,Animals,Multiple Choice,Medium,What is the national bird of Bahrain?,ArrogantAmbassador1,바레인의 국가 새는 무엇인가요?,해외특화,특정 국가의 상징물에 관한 현지 문화 중심 지식입니다.,비추천
9233,Entertainment: Film,Multiple Choice,Easy,Who portrayed Han Solo in the Star Wars main film series?,SkyZero96,스타워즈 주요 영화 시리즈에서 한 솔로를 연기한 사람은 누구인가요?,전문/마니아,특정 영화·방송 작품의 인물이나 세부 내용을 알아야 풀 수 있습니다.,조건부
9232,Science & Nature,Multiple Choice,Medium,"Which NASA Space Shuttle broke apart during atmospheric re-entry on February 1, 2003?",SkyZero96,2003년 2월 1일 대기권 재진입 중에 어떤 NASA 우주왕복선이 부서졌습니까?,일반,한국의 과학 교육과정이나 보편적인 자연과학 상식입니다.,추천
9231,Science & Nature,Multiple Choice,Easy,What is the chemical symbol for Helium?,SkyZero96,헬륨의 화학 기호는 무엇인가요?,일반,한국의 과학 교육과정이나 보편적인 자연과학 상식입니다.,추천
9230,Geography,True / False,Easy,Alaska and Hawaii are the only US states that have their own timezones.,SkyZero96,알래스카와 하와이는 미국에서 유일하게 자체 시간대를 갖고 있는 주입니다.,일반,한국의 교육과정이나 세계지리 상식으로 접할 수 있는 문제입니다.,추천
9229,Geography,Multiple Choice,Medium,What is the only nation that borders both Uruguay and Venezuela?,SkyZero96,우루과이와 베네수엘라에 접해 있는 유일한 국가는 무엇인가요?,일반,한국의 교육과정이나 세계지리 상식으로 접할 수 있는 문제입니다.,추천
9228,Entertainment: Film,Multiple Choice,Easy,"What movie starring Bruce Willis contains the line ""I see dead people""?",SkyZero96,"브루스 윌리스 주연의 영화에 ""나는 죽은 사람을 본다""라는 대사가 포함되어 있나요?",전문/마니아,특정 영화·방송 작품의 인물이나 세부 내용을 알아야 풀 수 있습니다.,조건부
9227,Entertainment: Film,Multiple Choice,Medium,In what movie does Eddie Murphy swap identities with Dan Aykroyd?,SkyZero96,어떤 영화에서 Eddie Murphy가 Dan Aykroyd와 신분을 바꾸나요?,전문/마니아,특정 영화·방송 작품의 인물이나 세부 내용을 알아야 풀 수 있습니다.,조건부
9226,Geography,Multiple Choice,Medium,"What Texas city is nicknamed ""The Yellow Rose of Texas""?",SkyZero96,"""텍사스의 노란 장미""라는 별명을 가진 텍사스 도시는 어디인가요?",일반,한국의 교육과정이나 세계지리 상식으로 접할 수 있는 문제입니다.,추천
9225,General Knowledge,Multiple Choice,Medium,In which country was the Michelin tire company founded in 1889?,SkyZero96,1889년에 미쉐린 타이어 회사가 설립된 나라는 어디인가요?,일반,한국의 일반 교육과정이나 보편 상식으로 접할 수 있는 문제입니다.,추천
9224,Entertainment: Music,Multiple Choice,Medium,Who was the youngest member of The Beatles?,SkyZero96,비틀즈의 막내 멤버는 누구인가요?,일반,한국에서도 널리 알려진 음악가나 대중음악 상식입니다.,추천
9223,Entertainment: Music,Multiple Choice,Medium,Who was the oldest member of The Beatles?,SkyZero96,비틀즈의 가장 나이 많은 멤버는 누구인가요?,일반,한국에서도 널리 알려진 음악가나 대중음악 상식입니다.,추천
9214,History,Multiple Choice,Medium,How old was the famous King Tutankhamen (Tut) when he died?,Tutman,유명한 투탕카멘 왕(Tut)은 몇 살에 죽었습니까?,일반,세계사 교육이나 일반 교양으로 접할 수 있는 역사 문제입니다.,추천
9208,Science: Computers,Multiple Choice,Easy,How many bits are commonly in a single byte?,pratiksankhe,단일 바이트에는 일반적으로 몇 개의 비트가 있습니까?,전문/마니아,컴퓨터 구조·소프트웨어에 관한 기술 지식이 필요한 문제입니다.,조건부
9201,Geography,Multiple Choice,Medium,The White Cliffs of Dover is located in which country?,TJester,도버 백악절벽이 위치한 국가는 어디일까요?,일반,한국의 교육과정이나 세계지리 상식으로 접할 수 있는 문제입니다.,추천
9159,Geography,Multiple Choice,Easy,Which of these places is a location in Cornwall?,Agent2583,다음 중 콘월에 있는 장소는 어디인가요?,일반,한국의 교육과정이나 세계지리 상식으로 접할 수 있는 문제입니다.,조건부
9146,Science: Computers,Multiple Choice,Medium,"What does the DOS in Microsoft's first operating system ""MS-DOS"" stand for?",Weapon7x,"Microsoft의 첫 번째 운영 체제인 ""MS-DOS""에서 DOS는 무엇을 의미합니까?",전문/마니아,컴퓨터 구조·소프트웨어에 관한 기술 지식이 필요한 문제입니다.,조건부
9133,Art,Multiple Choice,Hard,Paul Gauguin moved to which country in 1895?,eyefunct,폴 고갱은 1895년에 어느 나라로 이주했습니까?,전문/마니아,특정 미술 작품·작가에 관한 전문적인 배경지식이 필요합니다.,비추천
9128,Animals,Multiple Choice,Easy,Wombats are native to which Country?,mimerienda,웜뱃은 어느 나라 출신인가요?,일반,대중매체나 생물 교육에서 접할 수 있는 동물 상식입니다.,추천
9121,Geography,Multiple Choice,Medium,In which country is located the municipality of Arteijo?,mimerienda,Arteijo 자치단체는 어느 나라에 위치해 있나요?,해외특화,특정 외국의 지방 행정구역에 관한 현지 중심 지식입니다.,비추천
9119,General Knowledge,Multiple Choice,Hard,"Where in La Coruña (Spain) is the headquarters of ""Inditex"", the biggest fashion group in the world?",mimerienda,세계 최대 패션 그룹 '인디텍스'의 본사가 있는 스페인 라코루냐는 어디일까요?,일반,한국의 일반 교육과정이나 보편 상식으로 접할 수 있는 문제입니다.,조건부
9098,History,Multiple Choice,Easy,What year did the Titanic sink?,adamglendenning,타이타닉은 몇 년도에 침몰했습니까?,일반,세계사 교육이나 일반 교양으로 접할 수 있는 역사 문제입니다.,추천
9081,Entertainment: Video Games,Multiple Choice,Easy,"In the second-generation Pokémon games, which Pokémon can you start with?",Mighty,2세대 포켓몬 게임에서는 어떤 포켓몬으로 시작할 수 있나요?,전문/마니아,특정 게임의 캐릭터·설정·플레이 지식을 알아야 풀 수 있습니다.,조건부
9080,Geography,True / False,Hard,The flag of Belarus has a red and white embroidery pattern on the hoist side.,Druss,벨로루시의 국기는 호이스트 측면에 빨간색과 흰색 자수 패턴이 있습니다.,일반,한국의 교육과정이나 세계지리 상식으로 접할 수 있는 문제입니다.,조건부
9079,Geography,Multiple Choice,Hard,What is the capital of Burkina Faso?,Galaxy,부르키나파소의 수도는 무엇인가요?,일반,한국의 교육과정이나 세계지리 상식으로 접할 수 있는 문제입니다.,조건부
9073,Mythology,Multiple Choice,Medium,"Who is the father of Icarus, who flew too close to the sun?",coots,태양에 너무 가까이 날아간 이카루스의 아버지는 누구인가?,일반,학교 교육이나 대중문화에서 접할 수 있는 고전 신화 상식입니다.,추천
9072,Mythology,Multiple Choice,Easy,"What weakpoint of Achilles was expoited by the Trojan prince, Paris?",coots,트로이 왕자 파리스는 아킬레우스의 어떤 약점을 이용했습니까?,일반,학교 교육이나 대중문화에서 접할 수 있는 고전 신화 상식입니다.,추천
9071,Mythology,Multiple Choice,Medium,What is the name of the wildman that Gilgamesh befriends and goes on adventures with?,coots,길가메시가 친구가 되어 함께 모험을 떠나는 야생인의 이름은 무엇인가요?,일반,학교 교육이나 대중문화에서 접할 수 있는 고전 신화 상식입니다.,추천
9064,General Knowledge,Multiple Choice,Hard,This Ghanaian entrepreneur is a pioneer of microlending.,ProfessorFarkus,소액 대출의 선구자로 알려진 이 가나 기업가는 누구인가요?,일반,한국의 일반 교육과정이나 보편 상식으로 접할 수 있는 문제입니다.,조건부
9061,Science: Gadgets,Multiple Choice,Medium,This former Air Force and NASA engineer is the inventor of the Super Soaker water gun.,ProfessorFarkus,Super Soaker 물총을 발명한 전직 미 공군 및 NASA 엔지니어는 누구인가요?,전문/마니아,특정 기기 모델이나 기술 이력을 알아야 풀 수 있습니다.,조건부
9044,Entertainment: Board Games,True / False,Medium,Wooden molding scraps were used to make the original Monopoly houses and hotels.,BWard,목재 성형 스크랩은 원래의 모노폴리 주택과 호텔을 만드는 데 사용되었습니다.,전문/마니아,특정 보드게임의 규칙이나 구성요소를 알아야 풀 수 있습니다.,조건부
9041,Animals,Multiple Choice,Medium,About how much of their body weight in food do sea otters eat every day?,BWard,해달이 매일 먹는 음식은 체중의 어느 정도입니까?,일반,대중매체나 생물 교육에서 접할 수 있는 동물 상식입니다.,추천
9035,Geography,Multiple Choice,Easy,In which ocean is the Réunion island?,CarmineZ,레위니옹 섬은 어느 바다에 있나요?,일반,한국의 교육과정이나 세계지리 상식으로 접할 수 있는 문제입니다.,추천
9032,Geography,Multiple Choice,Hard,What is the world's smallest country by population?,BCButcher,인구 기준으로 세계에서 가장 작은 나라는 어디일까요?,일반,한국의 교육과정이나 세계지리 상식으로 접할 수 있는 문제입니다.,조건부
9014,Entertainment: Video Games,Multiple Choice,Easy,"When was ""Luigi's Mansion 3"" released?",Noctithra,"""루이지 맨션 3""는 언제 출시되었나요?",전문/마니아,특정 게임의 캐릭터·설정·플레이 지식을 알아야 풀 수 있습니다.,조건부
9011,Entertainment: Video Games,True / False,Easy,"In ""Space Station 13"", the station has a clown aboard it.",Coldflame,"""Space Station 13""에서는 정거장에 광대가 타고 있습니다.",전문/마니아,특정 게임의 캐릭터·설정·플레이 지식을 알아야 풀 수 있습니다.,조건부
9010,Entertainment: Video Games,True / False,Easy,The shotgun appears in every numbered Resident Evil game.,Coldflame,샷건은 번호가 매겨진 모든 레지던트 이블 게임에 등장합니다.,전문/마니아,특정 게임의 캐릭터·설정·플레이 지식을 알아야 풀 수 있습니다.,조건부
9009,Entertainment: Video Games,True / False,Easy,"""Resident Evil 7"" is the first first-person Resident Evil game.",Coldflame,"""레지던트 이블 7""은 최초의 1인칭 레지던트 이블 게임입니다.",전문/마니아,특정 게임의 캐릭터·설정·플레이 지식을 알아야 풀 수 있습니다.,조건부
9008,Entertainment: Video Games,Multiple Choice,Medium,"In ""Resident Evil 2"", which virus was William Birkin mutated by?",Coldflame,"""레지던트 이블 2""에서 윌리엄 버킨은 어떤 바이러스에 의해 변이되었나요?",전문/마니아,특정 게임의 캐릭터·설정·플레이 지식을 알아야 풀 수 있습니다.,조건부
9007,Entertainment: Video Games,Multiple Choice,Medium,"Which of the following characters is NOT playable in ""Resident Evil 6""?",Coldflame,"다음 중 ""레지던트 이블 6""에서 플레이할 수 없는 캐릭터는 무엇인가요?",전문/마니아,특정 게임의 캐릭터·설정·플레이 지식을 알아야 풀 수 있습니다.,조건부
9006,Entertainment: Video Games,True / False,Medium,"In ""Resident Evil"", only Chris has access to the grenade launcher.",Coldflame,"""레지던트 이블""에서는 크리스만이 유탄 발사기에 접근할 수 있습니다.",전문/마니아,특정 게임의 캐릭터·설정·플레이 지식을 알아야 풀 수 있습니다.,조건부
9005,General Knowledge,Multiple Choice,Hard,"In ""Resident Evil 3"", how many inventory slots does Jill have at the start of the game?",Coldflame,"""Resident Evil 3""에서 Jill은 게임 시작 시 몇 개의 인벤토리 슬롯을 가지고 있습니까?",전문/마니아,특정 게임·콘텐츠의 세부 정보를 알아야 풀 수 있습니다.,비추천
9004,Entertainment: Video Games,True / False,Medium,"In the Resident Evil series, Leon S. Kennedy is a member of STARS.",Coldflame,레지던트 이블 시리즈에서 레온 S. 케네디는 STARS의 멤버입니다.,전문/마니아,특정 게임의 캐릭터·설정·플레이 지식을 알아야 풀 수 있습니다.,조건부
9003,Entertainment: Music,Multiple Choice,Medium,Which of these songs was NOT released in the 90s?,bja95,다음 중 90년대에 발매되지 않은 노래는 무엇인가요?,전문/마니아,특정 가수·밴드·음반의 세부 이력을 알아야 풀 수 있습니다.,조건부
8999,Science: Computers,True / False,Hard,Apple was on the verge of bankruptcy in 1997 and was saved by Microsoft,Dalek,"애플은 1997년 파산 직전에 있었고, 마이크로소프트에 의해 구원받았다.",전문/마니아,컴퓨터 구조·소프트웨어에 관한 기술 지식이 필요한 문제입니다.,비추천
8998,General Knowledge,Multiple Choice,Easy,Gouda cheese is from which European country?,CollaredDragon,고다 치즈는 어느 유럽 국가에서 생산됩니까?,일반,한국의 일반 교육과정이나 보편 상식으로 접할 수 있는 문제입니다.,추천
8997,General Knowledge,Multiple Choice,Hard,Xanthophobia is the fear of what color?,CollaredDragon,Xanthophobia는 어떤 색에 대한 두려움입니까?,일반,한국의 일반 교육과정이나 보편 상식으로 접할 수 있는 문제입니다.,조건부
8996,Entertainment: Video Games,Multiple Choice,Hard,"According to an interview with ""Super Mario Land 2"" game director Hiroji Kiyotake, what is Wario's favorite food?",WireframeWizard,"'슈퍼 마리오 랜드 2' 게임 디렉터 기요타케 히로지와의 인터뷰에 따르면, 와리오가 가장 좋아하는 음식은 무엇인가요?",전문/마니아,특정 게임의 캐릭터·설정·플레이 지식을 알아야 풀 수 있습니다.,비추천
8989,Science: Mathematics,Multiple Choice,Easy,Which two men are credited with independently discovering differential calculus?,pierrejc,독립적으로 미적분학을 발견한 두 사람은 누구인가요?,전문/마니아,고급 수학 개념이나 수학사 지식이 필요한 문제입니다.,조건부
8983,Science & Nature,Multiple Choice,Easy,How many moons does Pluto have?,drgriffen,명왕성은 몇 개의 달을 갖고 있나요?,일반,한국의 과학 교육과정이나 보편적인 자연과학 상식입니다.,추천
8981,Entertainment: Music,Multiple Choice,Easy,Which song is NOT by singer Tom Jones?,CommonSenseBro,가수 Tom Jones의 노래가 아닌 것은 무엇인가요?,전문/마니아,특정 가수·밴드·음반의 세부 이력을 알아야 풀 수 있습니다.,조건부
8977,General Knowledge,Multiple Choice,Easy,Trypophobia is the fear of,CalebNg,환공포증(Trypophobia)은 무엇에 대한 공포인가요?,일반,한국의 일반 교육과정이나 보편 상식으로 접할 수 있는 문제입니다.,추천
8967,Science: Mathematics,Multiple Choice,Medium,"A mathematical constant, known as ""The Golden Ratio"", is most commonly represented by which greek letter?",ChefLaur,"""황금 비율""로 알려진 수학 상수를 가장 일반적으로 나타내는 그리스 문자는 무엇인가요?",전문/마니아,고급 수학 개념이나 수학사 지식이 필요한 문제입니다.,조건부
8964,General Knowledge,Multiple Choice,Medium,Which of the following correctly describes Japanese word order?,xkwebster,다음 중 일본어 단어 순서를 올바르게 설명한 것은 무엇인가요?,일반,한국의 일반 교육과정이나 보편 상식으로 접할 수 있는 문제입니다.,조건부
8963,General Knowledge,Multiple Choice,Hard,"In linguistics, which of the following is not one of the Gricean Maxims under the Cooperative Principal?",xkwebster,언어학에서 다음 중 협동조합 교장 아래의 그리이스 격언이 아닌 것은 무엇인가요?,일반,한국의 일반 교육과정이나 보편 상식으로 접할 수 있는 문제입니다.,조건부
8960,General Knowledge,Multiple Choice,Hard,Which of these Indian languages is not part of the Indo-European language family?,xkwebster,다음 중 인도유럽어족에 속하지 않는 인도어는 무엇인가요?,일반,한국의 일반 교육과정이나 보편 상식으로 접할 수 있는 문제입니다.,조건부
8953,General Knowledge,Multiple Choice,Easy,"Who is the origin of the quote ""What doesn't kill you makes you stronger""?",wyrm,"""당신을 죽이지 않는 것이 당신을 더 강하게 만든다""라는 말의 유래는 누구인가요?",일반,한국의 일반 교육과정이나 보편 상식으로 접할 수 있는 문제입니다.,추천
8933,Science & Nature,True / False,Medium,"If you dip a dry towel into a tub full of water, water will climb up the towel by a phenomenon called ""Cartillary Action""",danceswithpedals,물이 담긴 욕조에 마른 수건을 담그면 '연골 작용'이라는 현상으로 물이 수건 위로 올라갑니다.,일반,한국의 과학 교육과정이나 보편적인 자연과학 상식입니다.,추천
8932,Politics,Multiple Choice,Easy,What candidate won the 2012 US Presidential Election?,danceswithpedals,2012년 미국 대통령 선거에서 어떤 후보가 승리했습니까?,일반,국제 뉴스나 사회 교육에서 접할 수 있는 정치 상식입니다.,추천
8923,Science: Gadgets,True / False,Easy,The iPhone 3G was the second iPhone generation.,DjDukes,iPhone 3G는 iPhone 2세대였습니다.,일반,한국에서도 널리 쓰이는 전자기기에 관한 대중적 상식입니다.,추천
8921,Animals,Multiple Choice,Easy,What color is a Steller's Jay?,Exotickitty3,Steller's Jay는 어떤 색인가요?,일반,대중매체나 생물 교육에서 접할 수 있는 동물 상식입니다.,추천
8920,General Knowledge,True / False,Easy,Ping-Pong originated in England,Exotickitty3,탁구는 영국에서 시작되었습니다.,일반,한국의 일반 교육과정이나 보편 상식으로 접할 수 있는 문제입니다.,추천
8917,General Knowledge,True / False,Easy,Jingle Bells was originally meant for Thanksgiving,Exotickitty3,징글벨은 원래 추수감사절을 위해 만들어졌습니다.,해외특화,특정 외국의 생활문화 경험이 있어야 유리한 문제입니다.,조건부
8916,General Knowledge,Multiple Choice,Easy,In what year did Canada stop producing the penny?,Exotickitty3,캐나다는 몇 년에 페니 생산을 중단했습니까?,해외특화,특정 외국의 생활문화 경험이 있어야 유리한 문제입니다.,조건부
8915,General Knowledge,Multiple Choice,Medium,What is the most-visited website out of these options?,Exotickitty3,이 옵션 중에서 가장 많이 방문한 웹사이트는 무엇인가요?,일반,보편적인 주제지만 시점에 따라 정답이 달라질 수 있습니다.,비추천
8910,General Knowledge,True / False,Medium,The Happy Face was created by commercial artist Harvey Ball.,Exotickitty3,The Happy Face는 상업 예술가 Harvey Ball이 제작했습니다.,일반,한국의 일반 교육과정이나 보편 상식으로 접할 수 있는 문제입니다.,추천
8908,General Knowledge,Multiple Choice,Medium,Only 9% of US Households owned a television in,Exotickitty3,미국 가구 중 TV를 보유한 비율이 9%에 불과했던 해는 언제인가요?,해외특화,특정 외국의 생활문화 경험이 있어야 유리한 문제입니다.,비추천
8907,General Knowledge,True / False,Medium,The Original Jack-o-Lanterns were actually hollowed out turnips.,Exotickitty3,원래 Jack-o-Lantern은 실제로 속이 빈 순무였습니다.,일반,한국의 일반 교육과정이나 보편 상식으로 접할 수 있는 문제입니다.,추천
8906,General Knowledge,True / False,Hard,Samhainophobia is the term used for an abnormal and persistent fear of halloween.,Exotickitty3,Samhainophobia는 할로윈에 대한 비정상적이고 지속적인 두려움을 나타내는 용어입니다.,일반,한국의 일반 교육과정이나 보편 상식으로 접할 수 있는 문제입니다.,조건부
8901,Entertainment: Film,Multiple Choice,Easy,"Max Schreck, a famous German silent film actor, plays a famous monster in which 1922 film?",Nathanm,독일의 유명한 무성영화 배우 막스 슈렉이 유명한 괴물 역을 맡은 1922년 영화는 무엇인가요?,전문/마니아,특정 영화·방송 작품의 인물이나 세부 내용을 알아야 풀 수 있습니다.,조건부
8896,Geography,Multiple Choice,Hard,Which river was dammed to create Gatun Lake and the Panama Canal?,SwappyGee123,Gatun 호수와 파나마 운하를 만들기 위해 어느 강이 댐으로 건설되었습니까?,일반,한국의 교육과정이나 세계지리 상식으로 접할 수 있는 문제입니다.,조건부
8884,Geography,True / False,Hard,There is 47 prefectures in Japan.,snowglare,일본에는 47개의 현이 있습니다.,일반,한국의 교육과정이나 세계지리 상식으로 접할 수 있는 문제입니다.,조건부
8877,Entertainment: Musicals & Theatres,True / False,Easy,"""The Crucible"" was written by William Shakespeare.",rggbnnnnn,"""The Crucible""은 윌리엄 셰익스피어가 쓴 작품입니다.",일반,한국에서도 널리 알려진 고전 작품에 관한 문학 상식입니다.,추천
8875,Entertainment: Video Games,Multiple Choice,Easy,"Which of these is not a Dragon Age Origins ""Origin"":",Wolfwitch,"다음 중 Dragon Age Origins ""Origin""이 아닌 것은 무엇인가요?",전문/마니아,특정 게임의 캐릭터·설정·플레이 지식을 알아야 풀 수 있습니다.,조건부
8874,Science & Nature,Multiple Choice,Medium,How many baby/milk teeth does a human child have in total?,Cyntheeh,인간의 아이는 총 몇 개의 젖니/젖니를 가지고 있습니까?,일반,한국의 과학 교육과정이나 보편적인 자연과학 상식입니다.,추천
8873,Science & Nature,Multiple Choice,Medium,How many teeth does the average adult mouth have (except for wisdom teeth)?,Cyntheeh,평균 성인 입에는 몇 개의 치아가 있습니까(사랑니 제외)?,일반,한국의 과학 교육과정이나 보편적인 자연과학 상식입니다.,추천
8855,Geography,Multiple Choice,Hard,Santorini is an island belonging to what European Country?,Druss,산토리니는 어느 유럽 국가에 속한 섬인가요?,일반,한국의 교육과정이나 세계지리 상식으로 접할 수 있는 문제입니다.,조건부
8853,General Knowledge,Multiple Choice,Medium,"If a person's hair is described as 'Titian', what colour is it?",Druss,"사람의 머리카락을 '티치아노'라고 표현한다면, 그것은 어떤 색입니까?",일반,한국의 일반 교육과정이나 보편 상식으로 접할 수 있는 문제입니다.,추천
8850,General Knowledge,Multiple Choice,Medium,All Souls and Merton are constituent colleges of what university?,Druss,All Souls와 Merton은 어느 대학의 구성 대학입니까?,해외특화,특정 외국의 생활문화 경험이 있어야 유리한 문제입니다.,비추천
8848,General Knowledge,Multiple Choice,Easy,What fruit is a traditional ingredient of a Black Forest Gateau?,Druss,블랙 포레스트 가토의 전통적인 성분은 무엇인가요?,일반,한국의 일반 교육과정이나 보편 상식으로 접할 수 있는 문제입니다.,추천
8847,General Knowledge,Multiple Choice,Easy,"In a standard Gregorian calendar, how many months begin with the letter 'J'?",Druss,표준 그레고리력에서 문자 'J'로 시작하는 달은 몇 달입니까?,일반,한국의 일반 교육과정이나 보편 상식으로 접할 수 있는 문제입니다.,추천
8846,General Knowledge,Multiple Choice,Medium,Astraphobia is the irrational fear of what?,Druss,Astraphobia는 무엇에 대한 비합리적인 두려움입니까?,일반,한국의 일반 교육과정이나 보편 상식으로 접할 수 있는 문제입니다.,추천
8844,Geography,True / False,Medium,Tasmania is an island state of Australia.,Druss,태즈메이니아(Tasmania)는 호주의 섬나라이다.,일반,한국의 교육과정이나 세계지리 상식으로 접할 수 있는 문제입니다.,추천
8841,Geography,True / False,Easy,The capital of Indonesia is Bali.,SuPry,인도네시아의 수도는 발리이다.,일반,한국의 교육과정이나 세계지리 상식으로 접할 수 있는 문제입니다.,추천
8819,General Knowledge,Multiple Choice,Medium,What nation produces roughly 40% of the world’s vanilla?,SkyZero96,전 세계 바닐라의 약 40%를 생산하는 국가는 어디인가요?,일반,한국의 일반 교육과정이나 보편 상식으로 접할 수 있는 문제입니다.,추천
8818,Science & Nature,Multiple Choice,Medium,"What does CPR, the emergency procedure to assist someone who has suffered cardiac arrest, stand for?",SkyZero96,심정지 환자를 돕기 위한 응급처치인 심폐소생술(CPR)은 무엇을 의미하나요?,일반,한국의 과학 교육과정이나 보편적인 자연과학 상식입니다.,추천
8817,Science & Nature,Multiple Choice,Medium,What is the medical term for low blood sugar?,SkyZero96,저혈당의 의학용어는 무엇인가요?,일반,한국의 과학 교육과정이나 보편적인 자연과학 상식입니다.,추천
8816,Science & Nature,True / False,Medium,The French scientists Louis Pasteur and Émile Roux developed the first rabies vaccination in 1885.,SkyZero96,프랑스 과학자 루이 파스퇴르(Louis Pasteur)와 에밀 루(Emile Roux)는 1885년에 최초의 광견병 예방접종을 개발했습니다.,일반,한국의 과학 교육과정이나 보편적인 자연과학 상식입니다.,추천
8815,General Knowledge,Multiple Choice,Medium,What is the real name of viral internet meme Grumpy Cat?,SkyZero96,바이러스성 인터넷 밈 Grumpy Cat의 실제 이름은 무엇인가요?,전문/마니아,특정 콘텐츠의 캐릭터나 세부 설정을 알아야 풀 수 있습니다.,조건부
8814,Sports,Multiple Choice,Medium,Which football manager won more trophies than any other during his tenure at English football club Manchester United?,SkyZero96,영국 축구 클럽 맨체스터 유나이티드에서 재임하는 동안 다른 어떤 축구 감독보다 더 많은 트로피를 획득한 축구 감독은 누구인가요?,전문/마니아,특정 종목의 선수·구단·경기 기록을 알아야 풀 수 있습니다.,조건부
8813,Science & Nature,Multiple Choice,Medium,"What cell organelle is known as ""the powerhouse of the cell?""",SkyZero96,"""세포의 발전소""로 알려진 세포 소기관은 무엇인가요?",일반,한국의 과학 교육과정이나 보편적인 자연과학 상식입니다.,추천
8812,Entertainment: Music,Multiple Choice,Medium,What is the real name of prominent electronic musician Aphex Twin?,SkyZero96,저명한 일렉트로닉 뮤지션 에이펙스 트윈(Aphex Twin)의 진짜 이름은 무엇인가요?,전문/마니아,특정 가수·밴드·음반의 세부 이력을 알아야 풀 수 있습니다.,조건부
8811,Sports,Multiple Choice,Medium,"Who won the 1994 San Marino Grand Prix, the race in which Ayrton Senna was killed?",JosephStardust,Ayrton Senna가 사망한 1994년 산마리노 그랑프리에서 누가 우승했습니까?,전문/마니아,특정 종목의 선수·구단·경기 기록을 알아야 풀 수 있습니다.,조건부
8806,Science: Computers,True / False,Easy,"The name of the programming language AWK is abbreviated from the names of the developers – Aho, Weinberger, and Kernighan.",Neo,"프로그래밍 언어인 AWK의 이름은 개발자 Aho, Weinberger, Kernighan의 이름을 따서 명명되었습니다.",전문/마니아,컴퓨터 구조·소프트웨어에 관한 기술 지식이 필요한 문제입니다.,조건부
8804,Entertainment: Music,Multiple Choice,Medium,Which Coldplay album won the Grammy for Best Rock Album in the 2009 Grammy Awards?,SkyZero96,2009년 그래미 어워드에서 그래미상 최우수 록 앨범상을 받은 Coldplay 앨범은 무엇인가요?,전문/마니아,특정 가수·밴드·음반의 세부 이력을 알아야 풀 수 있습니다.,조건부
8803,Entertainment: Video Games,Multiple Choice,Easy,"The football video game series ""Pro Evolution Soccer"" is developed by which company?",SkyZero96,"축구 비디오 게임 시리즈 ""Pro Evolution Soccer""를 개발한 회사는 어디인가요?",전문/마니아,특정 게임의 캐릭터·설정·플레이 지식을 알아야 풀 수 있습니다.,조건부
8802,Geography,Multiple Choice,Hard,What is the administrative centre and largest settlement on the Norwegian archipelago of Svalbard?,SkyZero96,노르웨이 스발바르 군도의 행정 중심지이자 최대 규모의 정착지는 어디인가요?,일반,한국의 교육과정이나 세계지리 상식으로 접할 수 있는 문제입니다.,조건부
8801,Science & Nature,Multiple Choice,Medium,"What was the category of the 2005 hurricane, Hurricane Katrina, in the Saffir-Simpson hurricane wind scale?",SkyZero96,Saffir-Simpson 허리케인 규모에서 2005년 허리케인인 허리케인 카트리나의 범주는 무엇인가요?,일반,한국의 과학 교육과정이나 보편적인 자연과학 상식입니다.,추천
8800,Entertainment: Video Games,Multiple Choice,Medium,Who created the Final Fantasy series developed by Square Enix?,SkyZero96,Square Enix가 개발한 Final Fantasy 시리즈를 만든 사람은 누구인가요?,전문/마니아,특정 게임의 캐릭터·설정·플레이 지식을 알아야 풀 수 있습니다.,조건부
8799,General Knowledge,Multiple Choice,Easy,The tale of Robin Hood originates from which country?,SkyZero96,로빈후드 이야기는 어느 나라에서 유래되었나요?,일반,한국의 일반 교육과정이나 보편 상식으로 접할 수 있는 문제입니다.,추천
8796,General Knowledge,Multiple Choice,Easy,What is the name of the alcoholic beverage made from potatoes or grains that originates from Poland and Russia?,SkyZero96,폴란드와 러시아가 원산지인 감자나 곡물로 만든 술의 이름은 무엇인가요?,일반,한국의 일반 교육과정이나 보편 상식으로 접할 수 있는 문제입니다.,추천
8795,Geography,Multiple Choice,Easy,Which continent is considered the largest and most populous continent in the world?,SkyZero96,세계에서 가장 크고 인구가 많은 대륙으로 간주되는 대륙은 어디인가요?,일반,한국의 교육과정이나 세계지리 상식으로 접할 수 있는 문제입니다.,추천
8794,Sports,Multiple Choice,Medium,Which of these track-and-field events is NOT included in the Olympic men's decathlon?,SkyZero96,다음 중 올림픽 남자 10종 경기에 포함되지 않는 육상 경기는 무엇인가요?,일반,올림픽이나 국제대회에서 접할 수 있는 보편적인 스포츠 상식입니다.,조건부
8793,Vehicles,Multiple Choice,Easy,What animal is pictured on the logo of the automobile manufacturer Porsche?,SkyZero96,자동차 제조사인 포르쉐의 로고에는 어떤 동물이 그려져 있나요?,일반,한국에서도 접할 수 있는 자동차와 교통수단 상식입니다.,추천
8792,Science: Computers,Multiple Choice,Easy,What is the commonly used keyboard shortcut for the 'Copy' function on Windows OS?,SkyZero96,Windows OS에서 '복사' 기능에 일반적으로 사용되는 키보드 단축키는 무엇인가요?,일반,디지털 기기와 인터넷 사용에서 접할 수 있는 기초 컴퓨터 상식입니다.,추천
8791,Science & Nature,Multiple Choice,Medium,How many hearts does an octopus have?,SkyZero96,문어는 하트가 몇 개 있나요?,일반,한국의 과학 교육과정이나 보편적인 자연과학 상식입니다.,추천
8771,Sports,Multiple Choice,Hard,Which is Kenesisa Bekele's personal best at marathon?,dreguera,마라톤에서 케네사 베켈레의 개인 최고 기록은 무엇인가요?,전문/마니아,특정 종목의 선수·구단·경기 기록을 알아야 풀 수 있습니다.,비추천
8770,General Knowledge,Multiple Choice,Easy,Which is the capital of Spain?,dreguera,스페인의 수도는 어디인가요?,일반,한국의 일반 교육과정이나 보편 상식으로 접할 수 있는 문제입니다.,추천
8765,General Knowledge,Multiple Choice,Hard,Roughly how many ingested apple seeds would it take to receive a fatal dose of cyanide?,SkyZero96,치사량의 시안화물을 섭취하려면 대략 얼마나 많은 사과 씨앗을 섭취해야 합니까?,일반,한국의 일반 교육과정이나 보편 상식으로 접할 수 있는 문제입니다.,조건부
8759,History,Multiple Choice,Medium,How did the Vikings call their short-lived colony in today's Canada?,AntiMatterNVF,바이킹은 오늘날의 캐나다에 있는 짧은 식민지를 어떻게 불렀습니까?,일반,세계사 교육이나 일반 교양으로 접할 수 있는 역사 문제입니다.,추천
8758,Entertainment: Comics,Multiple Choice,Easy,"In DC comics, what is Owlman's real name?",WireframeWizard,DC 코믹스에서 아울맨의 본명은 무엇인가요?,전문/마니아,특정 애니메이션·만화의 인물이나 세부 내용을 알아야 풀 수 있습니다.,조건부
8757,Science & Nature,Multiple Choice,Medium,What is the name of the Supermassive Black Hole in the centre of the Milky Way?,AntiMatterNVF,은하수 중심에 있는 초대질량 블랙홀의 이름은 무엇인가요?,일반,한국의 과학 교육과정이나 보편적인 자연과학 상식입니다.,추천
8752,Geography,Multiple Choice,Hard,The Svalbard Archipelago is a dependency of which country?,AntiMatterNVF,스발바르 군도는 어느 국가의 속국입니까?,일반,한국의 교육과정이나 세계지리 상식으로 접할 수 있는 문제입니다.,조건부
8745,Geography,Multiple Choice,Easy,On which continent does the Andes mountain range lie?,AntiMatterNVF,안데스 산맥은 어느 대륙에 위치합니까?,일반,한국의 교육과정이나 세계지리 상식으로 접할 수 있는 문제입니다.,추천
8740,Politics,True / False,Medium,"Taiwan officially calls itself ""the Republic of China"".",AntiMatterNVF,대만은 공식적으로 스스로를 '중화민국'이라고 부른다.,일반,국제 뉴스나 사회 교육에서 접할 수 있는 정치 상식입니다.,추천
8739,Politics,True / False,Medium,Vatican city is a full member of United Nations.,AntiMatterNVF,바티칸 시국은 유엔의 정회원이다.,일반,국제 뉴스나 사회 교육에서 접할 수 있는 정치 상식입니다.,추천
8738,General Knowledge,Multiple Choice,Medium,What do the Dutch call their language?,AntiMatterNVF,네덜란드인들은 그들의 언어를 무엇이라고 부르나요?,일반,한국의 일반 교육과정이나 보편 상식으로 접할 수 있는 문제입니다.,추천
8737,Politics,Multiple Choice,Medium,Which city is the seat of government of the Netherlands?,AntiMatterNVF,네덜란드 정부 소재지는 어느 도시입니까?,일반,국제 뉴스나 사회 교육에서 접할 수 있는 정치 상식입니다.,추천
8736,General Knowledge,Multiple Choice,Easy,How many letters are there in the English alphabet?,AntiMatterNVF,영어 알파벳에는 몇 개의 글자가 있습니까?,일반,한국의 일반 교육과정이나 보편 상식으로 접할 수 있는 문제입니다.,추천
8735,General Knowledge,Multiple Choice,Hard,To which language family does Kazakh belong?,AntiMatterNVF,카자흐어는 어느 어족에 속합니까?,일반,한국의 일반 교육과정이나 보편 상식으로 접할 수 있는 문제입니다.,조건부
8734,General Knowledge,True / False,Hard,Is Luxembourgish a real language?,AntiMatterNVF,룩셈부르크어는 실제 언어인가요?,일반,한국의 일반 교육과정이나 보편 상식으로 접할 수 있는 문제입니다.,조건부
8732,General Knowledge,Multiple Choice,Medium,What is the official language in Barcelona beside Spanish?,AntiMatterNVF,스페인어 외에 바르셀로나의 공식 언어는 무엇인가요?,일반,한국의 일반 교육과정이나 보편 상식으로 접할 수 있는 문제입니다.,추천
8731,Geography,Multiple Choice,Easy,What is Russia's second-largest city?,AntiMatterNVF,러시아에서 두 번째로 큰 도시는 무엇인가요?,일반,한국의 교육과정이나 세계지리 상식으로 접할 수 있는 문제입니다.,추천
8730,Geography,Multiple Choice,Easy,What is the capital of Romania?,AntiMatterNVF,루마니아의 수도는 무엇인가요?,일반,한국의 교육과정이나 세계지리 상식으로 접할 수 있는 문제입니다.,추천
8729,General Knowledge,Multiple Choice,Easy,What is H2O?,khuber,H2O란 무엇인가요?,일반,한국의 일반 교육과정이나 보편 상식으로 접할 수 있는 문제입니다.,추천
8698,General Knowledge,Multiple Choice,Easy,What company owns Outlook?,rggbnnnnn,Outlook을 소유한 회사는 어디인가요?,일반,한국의 일반 교육과정이나 보편 상식으로 접할 수 있는 문제입니다.,추천
8696,Vehicles,Multiple Choice,Medium,What was the first vehicle that came with air conditioning as a factory standard?,Spyable,에어컨을 공장 표준으로 장착한 최초의 차량은 무엇인가요?,일반,한국에서도 접할 수 있는 자동차와 교통수단 상식입니다.,추천
8693,Vehicles,True / False,Medium,The first true automobile ever made was the 1886 Benz Patent-Motorwagen.,ApolloHadyn,최초의 진정한 자동차는 1886년의 Benz Patent-Motorwagen이었습니다.,일반,한국에서도 접할 수 있는 자동차와 교통수단 상식입니다.,추천
8692,Vehicles,True / False,Easy,"In 1991, Mazda became the first Japanese car manufacturer to win Le Mans.",Spyable,1991년 마즈다는 르망에서 우승한 최초의 일본 자동차 제조업체가 되었습니다.,일반,한국에서도 접할 수 있는 자동차와 교통수단 상식입니다.,추천
8689,History,Multiple Choice,Medium,What year was the Italian firearms manufacturer Beretta founded?,ApolloHadyn,이탈리아의 총기 제조업체인 베레타(Beretta)가 설립된 해는 몇 년입니까?,일반,세계사 교육이나 일반 교양으로 접할 수 있는 역사 문제입니다.,추천
8687,Entertainment: Music,Multiple Choice,Easy,"Who released the song ""Photograph"" in 2005?",rggbnnnnn,"2005년에 ""Photograph""라는 노래를 발표한 사람은 누구인가요?",전문/마니아,특정 가수·밴드·음반의 세부 이력을 알아야 풀 수 있습니다.,조건부
8685,General Knowledge,True / False,Medium,Ecuador uses the Mexican Peso as its currency.,rggbnnnnn,에콰도르는 멕시코 페소를 통화로 사용합니다.,일반,한국의 일반 교육과정이나 보편 상식으로 접할 수 있는 문제입니다.,추천
8684,General Knowledge,Multiple Choice,Hard,What is the name of the currency used in Ethiopia?,rggbnnnnn,에티오피아에서 사용되는 통화 이름은 무엇인가요?,일반,한국의 일반 교육과정이나 보편 상식으로 접할 수 있는 문제입니다.,조건부
8682,History,Multiple Choice,Easy,Who was the Confederate general in the American Civil War?,rggbnnnnn,미국 남북전쟁 당시 남부연합 장군은 누구인가요?,해외특화,특정 외국의 국내 역사·정치 인물에 관한 지식입니다.,조건부
8679,History,Multiple Choice,Medium,What day did the Battle of Gettysburg begin?,rggbnnnnn,게티즈버그 전투는 언제 시작되었습니까?,일반,세계사 교육이나 일반 교양으로 접할 수 있는 역사 문제입니다.,추천
8672,Animals,Multiple Choice,Easy,Which breed of dog is traditionally associated with firefighters?,Druss,전통적으로 소방관과 관련된 개 품종은 무엇인가요?,일반,대중매체나 생물 교육에서 접할 수 있는 동물 상식입니다.,추천
8664,Science & Nature,Multiple Choice,Medium,What causes Lyme disease?,ITheWarden,라임병의 원인은 무엇인가요?,일반,한국의 과학 교육과정이나 보편적인 자연과학 상식입니다.,추천
8656,Science & Nature,Multiple Choice,Hard,Which of these is used to show that Earth spins on an axis?,mgm,다음 중 지구가 축을 중심으로 회전한다는 것을 보여주는 데 사용되는 것은 무엇인가요?,일반,한국의 과학 교육과정이나 보편적인 자연과학 상식입니다.,조건부
8655,General Knowledge,Multiple Choice,Easy,Why is the night sky dark?,mgm,밤하늘은 왜 어두울까요?,일반,한국의 일반 교육과정이나 보편 상식으로 접할 수 있는 문제입니다.,추천
8644,Sports,Multiple Choice,Medium,Which darts player has won the most World Championship titles?,Bodgey5,세계 선수권 대회에서 가장 많은 우승을 차지한 다트 선수는 누구인가요?,전문/마니아,특정 종목의 선수·구단·경기 기록을 알아야 풀 수 있습니다.,조건부
8643,Geography,Multiple Choice,Hard,The Suez Canal is located in which African country?,Bodgey5,수에즈 운하가 위치한 아프리카 국가는 어디일까요?,일반,한국의 교육과정이나 세계지리 상식으로 접할 수 있는 문제입니다.,조건부
8642,History,Multiple Choice,Hard,In what year did the Battle of Verdun take place?,Bodgey5,베르됭 전투는 몇 년에 일어났습니까?,일반,세계사 교육이나 일반 교양으로 접할 수 있는 역사 문제입니다.,조건부
8641,Politics,True / False,Medium,Theresa May was the first female Prime Minister of the United Kingdom.,Bodgey5,테레사 메이는 영국 최초의 여성 총리였습니다.,일반,국제 뉴스나 사회 교육에서 접할 수 있는 정치 상식입니다.,추천
8598,History,Multiple Choice,Hard,Where was Napoleon Bonaparte born?,ITheWarden,나폴레옹 보나파르트는 어디에서 태어났나요?,일반,세계사 교육이나 일반 교양으로 접할 수 있는 역사 문제입니다.,조건부
8597,History,Multiple Choice,Medium,Who was Hannibal?,ITheWarden,한니발은 누구인가요?,일반,세계사 교육이나 일반 교양으로 접할 수 있는 역사 문제입니다.,추천
8596,Geography,True / False,Medium,Australia is greater than Greenland in size.,ITheWarden,호주는 그린란드보다 크기가 더 큽니다.,일반,한국의 교육과정이나 세계지리 상식으로 접할 수 있는 문제입니다.,추천
8595,Geography,Multiple Choice,Medium,Where is the Volga River?,ITheWarden,볼가강은 어디에 있나요?,일반,한국의 교육과정이나 세계지리 상식으로 접할 수 있는 문제입니다.,추천
8588,Geography,Multiple Choice,Medium,What is the capital of the U.S. state Texas?,smal,미국 텍사스 주의 주도는 어디인가요?,해외특화,특정 외국의 지방 행정구역에 관한 현지 중심 지식입니다.,비추천
8586,Sports,Multiple Choice,Medium,Edson Arantes do Nascimento is the full name of which legendary football player?,SkyZero96,Edson Arantes do Nascimento는 어떤 전설적인 축구 선수의 이름입니까?,전문/마니아,특정 종목의 선수·구단·경기 기록을 알아야 풀 수 있습니다.,조건부
8585,Sports,Multiple Choice,Easy,"Which country produced football players such as Cafu, Roberto Carlos and Pelé?",SkyZero96,"카푸, 호베르투 카를로스, 펠레 같은 축구 선수를 배출한 나라는 어디일까요?",전문/마니아,특정 종목의 선수·구단·경기 기록을 알아야 풀 수 있습니다.,조건부
8584,General Knowledge,Multiple Choice,Medium,"What Latin phrase roughly translates to ""seize the day""?",SkyZero96,"""오늘을 즐겨라""로 대략 번역되는 라틴어 문구는 무엇인가요?",일반,한국의 일반 교육과정이나 보편 상식으로 접할 수 있는 문제입니다.,추천
8583,Entertainment: Music,Multiple Choice,Medium,"The 2010 song ""Eenie Meenie"" was a collaboration between which two popular artists?",SkyZero96,"2010년 노래 ""Eenie Meenie""는 다음 중 두 명의 인기 아티스트가 공동 작업한 곡입니까?",전문/마니아,특정 가수·밴드·음반의 세부 이력을 알아야 풀 수 있습니다.,조건부
8578,Entertainment: Video Games,Multiple Choice,Medium,What was the first Game released using the Build Engine?,BlooKirby,빌드 엔진을 사용하여 출시된 최초의 게임은 무엇인가요?,전문/마니아,특정 게임의 캐릭터·설정·플레이 지식을 알아야 풀 수 있습니다.,조건부
8577,Entertainment: Board Games,Multiple Choice,Hard,Which Pokemon is #39 in the National Pokedex?,PrettySwelll,전국 포켓몬 도감에서 39위는 어떤 포켓몬인가요?,전문/마니아,특정 보드게임의 규칙이나 구성요소를 알아야 풀 수 있습니다.,비추천
8576,History,Multiple Choice,Medium,"Who led France during the ""Reign of Terror"" ?",PrettySwelll,"""공포의 통치"" 기간 동안 프랑스를 이끌었던 사람은 누구인가요?",일반,세계사 교육이나 일반 교양으로 접할 수 있는 역사 문제입니다.,추천
8574,General Knowledge,True / False,Medium,"Don Cheto is the host of the radio station ""East Los FM"" in GTA V.",styliss,"Don Cheto는 GTA V의 라디오 방송국 ""East Los FM""의 진행자입니다.",전문/마니아,특정 게임·콘텐츠의 세부 정보를 알아야 풀 수 있습니다.,조건부
8570,Entertainment: Television,Multiple Choice,Medium,Who was the first Big Brother US winner to win with a perfect game?,PoojaCalmDown,완벽한 게임으로 승리한 최초의 미국 빅 브라더 우승자는 누구인가요?,해외특화,한국에서 접하기 어려운 해외 현지 방송문화 지식입니다.,비추천
8568,Entertainment: Television,True / False,Medium,The White Ranger was the leader of the Power Rangers.,Pixsauce,화이트 레인저는 파워레인저의 리더였습니다.,전문/마니아,특정 영화·방송 작품의 인물이나 세부 내용을 알아야 풀 수 있습니다.,조건부
8563,Geography,Multiple Choice,Easy,Which of these African regions does *not* directly border the Democratic Republic of The Congo?,AtrociousAmbition,다음 아프리카 지역 중 콩고민주공화국과 직접적으로 접해 있지 *않은* 곳은 어디인가요?,일반,한국의 교육과정이나 세계지리 상식으로 접할 수 있는 문제입니다.,조건부
8559,General Knowledge,Multiple Choice,Easy,What planet is not named after a Greek or Roman god?,Cheezburg,그리스나 로마 신의 이름을 따서 명명되지 않은 행성은 무엇인가요?,일반,한국의 일반 교육과정이나 보편 상식으로 접할 수 있는 문제입니다.,추천
8557,Entertainment: Music,Multiple Choice,Medium,Which of these black metal acts was a solo project?,bigjilm,블랙메탈 공연 중 솔로 프로젝트는 무엇인가요?,전문/마니아,특정 가수·밴드·음반의 세부 이력을 알아야 풀 수 있습니다.,조건부
8556,Entertainment: Film,Multiple Choice,Medium,Who is revealed to be the villain at the end of the first live action Scooby Doo movie?,bigjilm,첫 번째 라이브 액션 스쿠비 두 영화의 끝에서 악당으로 밝혀진 사람은 누구인가요?,전문/마니아,특정 영화·방송 작품의 인물이나 세부 내용을 알아야 풀 수 있습니다.,조건부
8555,Entertainment: Video Games,Multiple Choice,Easy,What color is the iconic arcade character Q*Bert?,Mappy,아케이드의 상징적인 캐릭터 Q*Bert는 어떤 색인가요?,전문/마니아,특정 게임의 캐릭터·설정·플레이 지식을 알아야 풀 수 있습니다.,조건부
8554,History,Multiple Choice,Medium,In which one of these cities did the Great Stink of 1858 occur?,akus,1858년에 악취가 발생한 도시는 다음 중 어디인가요?,일반,세계사 교육이나 일반 교양으로 접할 수 있는 역사 문제입니다.,추천
8549,Entertainment: Video Games,Multiple Choice,Medium,"In No Man's Sky (as of the Beyond update), what two resources do you need to craft Antimatter?",NoThanks,No Man's Sky(Beyond 업데이트 기준)에서 반물질을 제작하려면 어떤 두 가지 리소스가 필요합니까?,전문/마니아,특정 분야 지식과 기준 시점 확인이 모두 필요한 문제입니다.,조건부
8547,Entertainment: Music,Multiple Choice,Easy,"Who is the musical artist who released the hit song, ""Love Song,"" in 2007?",LittleBigTD,2007년 히트곡 'Love Song'을 발표한 뮤지컬 아티스트는 누구일까요?,전문/마니아,특정 가수·밴드·음반의 세부 이력을 알아야 풀 수 있습니다.,조건부
8535,Science: Computers,Multiple Choice,Medium,What is largely considered the precursor to the USB format?,WasabiThumbs,USB 형식의 전신으로 주로 간주되는 것은 무엇인가요?,전문/마니아,컴퓨터 구조·소프트웨어에 관한 기술 지식이 필요한 문제입니다.,조건부
8532,Entertainment: Film,Multiple Choice,Medium,"Peter Jackson's film series ""The Lord of the Rings"" was shot entirely in which country?",SkyZero96,"피터 잭슨의 영화 시리즈 ""반지의 제왕"" 전체가 촬영된 나라는 어디일까요?",일반,한국에서도 널리 알려진 작품에 관한 대중문화 상식입니다.,추천
8531,General Knowledge,Multiple Choice,Medium,Coleslaw originated from which European country?,SkyZero96,코울슬로는 어느 유럽 국가에서 유래되었습니까?,일반,한국의 일반 교육과정이나 보편 상식으로 접할 수 있는 문제입니다.,추천
8528,Entertainment: Books,Multiple Choice,Medium,"Of the following, which Stephen King novel was published earliest?",Mappy,다음 중 스티븐 킹의 소설 중 가장 먼저 출판된 소설은 무엇인가요?,전문/마니아,특정 문학·공연 작품의 작가나 세부 내용을 알아야 풀 수 있습니다.,조건부
8526,Entertainment: Japanese Anime & Manga,Multiple Choice,Medium,"In the anime ""Gintama"" which accessory/article of clothing is the character Shinpachi commonly referred to as?",Freak,"애니메이션 ""은혼""에서 신파치라고 불리는 캐릭터는 어떤 액세서리/의류입니까?",전문/마니아,특정 애니메이션·만화의 인물이나 세부 내용을 알아야 풀 수 있습니다.,조건부
8524,Entertainment: Comics,Multiple Choice,Easy,Which superhero is known for his super speed?,NLferdiNL,슈퍼 스피드로 유명한 슈퍼히어로는 누구일까요?,전문/마니아,특정 애니메이션·만화의 인물이나 세부 내용을 알아야 풀 수 있습니다.,조건부
8523,Entertainment: Video Games,Multiple Choice,Medium,"In Dead by Daylight, which killer perk applies the mangled effect?",Fearcube,Dead by Daylight에서 어떤 킬러 특전이 맹글링 효과를 적용합니까?,전문/마니아,특정 게임의 캐릭터·설정·플레이 지식을 알아야 풀 수 있습니다.,조건부
8521,General Knowledge,Multiple Choice,Hard,In the fictional SCP universe what “Object Class” is given to SCP’s that cannot be contained.,IDI,가상의 SCP 세계관에서 격리할 수 없는 SCP에는 어떤 '개체 등급'이 부여되나요?,전문/마니아,특정 게임의 캐릭터·설정·플레이 지식을 알아야 풀 수 있습니다.,비추천
8517,Geography,Multiple Choice,Medium,Which of the following cities is the capital of Latvia?,Turdomino,다음 중 라트비아의 수도는 어느 도시인가요?,일반,한국의 교육과정이나 세계지리 상식으로 접할 수 있는 문제입니다.,조건부
8516,General Knowledge,Multiple Choice,Easy,"If you are traveling at a speed of 80 mph, how long will it take you to drive 80 miles?",EssentialStrike,시속 80마일의 속도로 여행한다면 80마일을 운전하는 데 얼마나 걸리나요?,일반,한국의 일반 교육과정이나 보편 상식으로 접할 수 있는 문제입니다.,추천
8513,Entertainment: Music,Multiple Choice,Easy,"What is the name of Death Grips Front Man, MC Ride?",Loveshank,"데스 그립스 프론트 맨, MC 라이드의 이름은 무엇인가요?",전문/마니아,특정 가수·밴드·음반의 세부 이력을 알아야 풀 수 있습니다.,조건부
8512,Vehicles,Multiple Choice,Easy,Which of the following vehicles from Ford is named after a WW2 Fighter Plane?,Turdomino,다음 중 Ford의 차량 중 제2차 세계대전 전투기의 이름을 따서 명명된 차량은 무엇인가요?,일반,한국에서도 접할 수 있는 자동차와 교통수단 상식입니다.,조건부
8511,Entertainment: Television,Multiple Choice,Medium,"In the comedy series ""Trailer Park Boys"", which of the following characters takes care of stray cats?",Turdomino,코미디 시리즈 '트레일러 파크 보이즈'에서 다음 중 길고양이를 돌보는 캐릭터는 누구인가요?,전문/마니아,특정 영화·방송 작품의 인물이나 세부 내용을 알아야 풀 수 있습니다.,조건부
8508,Entertainment: Video Games,Multiple Choice,Medium,"In the game Minecraft, how many iron ingots are required to make an iron golem?",Jackpot,Minecraft 게임에서 철 골렘을 만드는 데 몇 개의 철괴가 필요합니까?,전문/마니아,특정 게임의 캐릭터·설정·플레이 지식을 알아야 풀 수 있습니다.,조건부
8504,General Knowledge,Multiple Choice,Hard,The Panama Canal was officially opened by which US president?,chuteuk,파나마 운하는 공식적으로 개통된 미국 대통령은 누구인가요?,일반,한국의 일반 교육과정이나 보편 상식으로 접할 수 있는 문제입니다.,조건부
8498,Sports,Multiple Choice,Easy,What national team won the first UEFA Nations League?,GunSarunyoo79,최초의 UEFA 네이션스 리그에서 우승한 국가대표팀은 어디인가요?,전문/마니아,특정 종목의 선수·구단·경기 기록을 알아야 풀 수 있습니다.,조건부
8497,Entertainment: Video Games,Multiple Choice,Easy,"Who out of these Team Fortress 2 characters, does not use a Shotgun as a secondary weapon?",Agent2583,Team Fortress 2 캐릭터 중 산탄총을 보조 무기로 사용하지 않는 캐릭터는 누구인가요?,전문/마니아,특정 게임의 캐릭터·설정·플레이 지식을 알아야 풀 수 있습니다.,조건부
8495,Entertainment: Video Games,Multiple Choice,Easy,"What is the Alien Race in the game ""Lego Racers 2"" known as?",Agent2583,"""Lego Racers 2"" 게임에 등장하는 외계인 종족은 무엇인가요?",전문/마니아,특정 게임의 캐릭터·설정·플레이 지식을 알아야 풀 수 있습니다.,조건부
8494,Science: Gadgets,Multiple Choice,Medium,What was the first Infinity Coaster in the world and where is it located?,Agent2583,세계 최초의 인피니티 코스터는 무엇이고 어디에 있나요?,전문/마니아,특정 기기 모델이나 기술 이력을 알아야 풀 수 있습니다.,조건부
8488,Entertainment: Music,Multiple Choice,Medium,"Which popular jazz standard begins with the line ""Someday, when I'm awfully low""?",kwisd,"""언젠가, 내가 몹시 기분이 나쁠 때""라는 줄로 시작하는 인기 있는 재즈 표준은 무엇인가요?",전문/마니아,특정 가수·밴드·음반의 세부 이력을 알아야 풀 수 있습니다.,조건부
8485,Entertainment: Film,Multiple Choice,Medium,"In the 2002 film ""Kung Pow! Enter the Fist"", why was Wimp Lo purposely trained wrong?",Niz,"2002년 영화 ""Kung Pow! Enter the Fist""에서 Wimp Lo가 의도적으로 잘못된 훈련을 받은 이유는 무엇인가요?",전문/마니아,특정 영화·방송 작품의 인물이나 세부 내용을 알아야 풀 수 있습니다.,조건부
8483,Entertainment: Film,Multiple Choice,Easy,"Who is the protagonist of the 2002 film ""Kung Pow! Enter the Fist""?",Niz,"2002년 영화 ""쿵펑! 주먹을 쥐어라""의 주인공은 누구인가요?",전문/마니아,특정 영화·방송 작품의 인물이나 세부 내용을 알아야 풀 수 있습니다.,조건부
8482,Entertainment: Books,Multiple Choice,Easy,"Who is the author of the ""A Song of Ice and Fire"" book series, starting with ""A Game of Thrones""?",savyk,'왕좌의 게임'으로 시작하는 '얼음과 불의 노래' 시리즈의 저자는 누구인가요?,전문/마니아,특정 문학·공연 작품의 작가나 세부 내용을 알아야 풀 수 있습니다.,조건부
8481,Entertainment: Film,Multiple Choice,Easy,Which Batman villain is Mark Hamill known for having voiced?,savyk,Mark Hamill이 목소리를 낸 것으로 유명한 배트맨 악당은 누구인가요?,전문/마니아,특정 영화·방송 작품의 인물이나 세부 내용을 알아야 풀 수 있습니다.,조건부
8480,History,Multiple Choice,Medium,The catastrophic nuclear accident that occurred in Ukraine in 1986 occurred at which power plant?,savyk,1986년 우크라이나에서 발생한 재앙적인 원자력 사고는 어느 발전소에서 일어났습니까?,일반,세계사 교육이나 일반 교양으로 접할 수 있는 역사 문제입니다.,추천
8479,Entertainment: Video Games,True / False,Hard,"In the game Nuclear Throne, the boss ""Big Dog"" was made into a character on April Fool's Day 2015.",Lixix,"Nuclear Throne 게임에서는 2015년 만우절에 보스 ""Big Dog""가 캐릭터로 만들어졌습니다.",전문/마니아,특정 게임의 캐릭터·설정·플레이 지식을 알아야 풀 수 있습니다.,비추천
8477,Entertainment: Video Games,Multiple Choice,Easy,"In the game Nuclear Throne, which character starts with the least HP?",Lixix,Nuclear Throne 게임에서 HP가 가장 적은 캐릭터는 누구인가요?,전문/마니아,특정 게임의 캐릭터·설정·플레이 지식을 알아야 풀 수 있습니다.,조건부
8476,Entertainment: Video Games,Multiple Choice,Medium,"Which of these is NOT DLC for the video game called ""Tabletop Simulator""?",level1234,"다음 중 ""Tabletop Simulator""라는 비디오 게임의 DLC가 아닌 것은 무엇인가요?",전문/마니아,특정 게임의 캐릭터·설정·플레이 지식을 알아야 풀 수 있습니다.,조건부
8472,Entertainment: Comics,Multiple Choice,Easy,"In the Marvel comic ""The Superior Spider-Man"", Peter Parker's body is taken over by which character?",Mimi,"마블 코믹스 ""슈피리어 스파이더맨""에서 피터 파커의 몸을 차지한 캐릭터는 누구일까요?",전문/마니아,특정 애니메이션·만화의 인물이나 세부 내용을 알아야 풀 수 있습니다.,조건부
8470,Sports,Multiple Choice,Medium,Who is regarded as the best Romanian footballer of all time?,inflacaratul,역대 최고의 루마니아 축구 선수로 여겨지는 사람은 누구인가요?,전문/마니아,특정 종목의 선수·구단·경기 기록을 알아야 풀 수 있습니다.,조건부
8469,Sports,Multiple Choice,Medium,"In what year did Steaua București win the European Cup, actual UEFA Champions League, against FC Barcelona?",inflacaratul,스테아우아 부쿠레슈티가 FC 바르셀로나를 상대로 실제 UEFA 챔피언스 리그인 유러피언 컵에서 우승한 해는 언제입니까?,전문/마니아,특정 종목의 선수·구단·경기 기록을 알아야 풀 수 있습니다.,조건부
8465,General Knowledge,Multiple Choice,Easy,In which year did Ghana gain independence?,delali,가나는 어느 해에 독립했습니까?,일반,한국의 일반 교육과정이나 보편 상식으로 접할 수 있는 문제입니다.,추천
8463,General Knowledge,Multiple Choice,Easy,What is the full meaning of RAM?,femithz,RAM의 전체 의미는 무엇인가요?,일반,한국의 일반 교육과정이나 보편 상식으로 접할 수 있는 문제입니다.,추천
8458,Entertainment: Video Games,Multiple Choice,Medium,Which episode of the Phantasy Star Online series is exclusive to the Nintendo Gamecube?,Niz,Phantasy Star Online 시리즈의 어떤 에피소드가 Nintendo Gamecube 전용인가요?,전문/마니아,특정 게임의 캐릭터·설정·플레이 지식을 알아야 풀 수 있습니다.,조건부
8457,Entertainment: Film,Multiple Choice,Medium,"In the 2002 film ""Kung Pow! Enter the Fist"", Master Pain changes his name to what?",Niz,"2002년 영화 ""쿵파우! 주먹을 휘두르세요""에서 마스터 페인은 이름을 무엇으로 바꾸나요?",전문/마니아,특정 영화·방송 작품의 인물이나 세부 내용을 알아야 풀 수 있습니다.,조건부
8455,Entertainment: Video Games,Multiple Choice,Medium,"In the video game ""Closers Online: Dimension Conflict"", who is the administrator of team Wildhüter?",Zolfyyy,"비디오 게임 ""클로저스 온라인: 디멘션 컨플릭트""에서 Wildhüter 팀의 관리자는 누구인가요?",전문/마니아,특정 게임의 캐릭터·설정·플레이 지식을 알아야 풀 수 있습니다.,조건부
8452,Entertainment: Video Games,Multiple Choice,Medium,"In ""Warhammer: End Times - Vermintide"", what is the name of the rat faction you fight in the game?",RhaegalIV,"""Warhammer: End Times - Vermintide""에서 게임에서 당신이 싸우는 쥐 세력의 이름은 무엇인가요?",전문/마니아,특정 게임의 캐릭터·설정·플레이 지식을 알아야 풀 수 있습니다.,조건부
8451,Entertainment: Video Games,Multiple Choice,Easy,"In ""Rainbow Six: Siege"", which of the following operators cannot breach reinforced walls?",RhaegalIV,"""Rainbow Six: Siege""에서 다음 오퍼레이터 중 강화된 벽을 뚫을 수 없는 오퍼레이터는 누구인가요?",전문/마니아,특정 게임의 캐릭터·설정·플레이 지식을 알아야 풀 수 있습니다.,조건부
8450,Entertainment: Video Games,Multiple Choice,Easy,"In ""Civilization 5"", which civilization can only settle one city?",RhaegalIV,"""문명 5""에서 하나의 도시에만 정착할 수 있는 문명은 무엇인가요?",전문/마니아,특정 게임의 캐릭터·설정·플레이 지식을 알아야 풀 수 있습니다.,조건부
8449,Entertainment: Video Games,Multiple Choice,Hard,"In the remake of ""Resident Evil 2"", which medallion does not exist?",RhaegalIV,"""레지던트 이블 2"" 리메이크에서 메달이 존재하지 않는 것은 무엇인가요?",전문/마니아,특정 게임의 캐릭터·설정·플레이 지식을 알아야 풀 수 있습니다.,비추천
8448,Entertainment: Video Games,Multiple Choice,Medium,"In ""FTL: Faster Than Light"", how many races are there, including the Lanius?",RhaegalIV,"""FTL: Faster Than Light""에는 라니우스를 포함해 몇 개의 종족이 등장하나요?",전문/마니아,특정 게임의 캐릭터·설정·플레이 지식을 알아야 풀 수 있습니다.,조건부
8446,Entertainment: Video Games,Multiple Choice,Hard,"What is the highest level that you can reach in ""The Elder Scrolls 4: Oblivion"" without considering skill levels, class, and birthsign?",RhaegalIV,"스킬 레벨, 클래스, 출생 표시를 고려하지 않고 ""The Elder Scrolls 4: Oblivion""에서 도달할 수 있는 최고 레벨은 무엇인가요?",전문/마니아,특정 게임의 캐릭터·설정·플레이 지식을 알아야 풀 수 있습니다.,비추천
8445,Entertainment: Video Games,Multiple Choice,Medium,"In ""The Elder Scrolls 3: Morrowind"", which of the following factions is not joinable?",RhaegalIV,"""The Elder Scrolls 3: Morrowind""에서 다음 중 가입할 수 없는 세력은 무엇인가요?",전문/마니아,특정 게임의 캐릭터·설정·플레이 지식을 알아야 풀 수 있습니다.,조건부
8444,Entertainment: Video Games,True / False,Medium,"In ""Deus Ex: Mankind Divided"", Adam Jensen can die from overclocking.",RhaegalIV,"""Deus Ex: Mankind Divided""에서 Adam Jensen은 오버클럭으로 인해 사망할 수 있습니다.",전문/마니아,특정 게임의 캐릭터·설정·플레이 지식을 알아야 풀 수 있습니다.,조건부
8436,History,Multiple Choice,Easy,What year did World War II end?,RhaegalIV,제2차 세계 대전은 몇 년에 끝났습니까?,일반,세계사 교육이나 일반 교양으로 접할 수 있는 역사 문제입니다.,추천
8435,Entertainment: Video Games,Multiple Choice,Medium,"In Divinity: Original Sin 2, who is the earliest companion you can acquire?",RhaegalIV,Divinity: Original Sin 2에서 가장 먼저 얻을 수 있는 동반자는 누구인가요?,전문/마니아,특정 게임의 캐릭터·설정·플레이 지식을 알아야 풀 수 있습니다.,조건부
8420,Entertainment: Japanese Anime & Manga,Multiple Choice,Medium,What year did the popular Vocaloid: Hatsune Miku come out?,fevernight123,인기 보컬로이드: 하츠네 미쿠는 몇 년도에 나왔나요?,전문/마니아,특정 애니메이션·만화의 인물이나 세부 내용을 알아야 풀 수 있습니다.,조건부
8419,Entertainment: Video Games,Multiple Choice,Easy,"In the video game Team Fortress 2, which of these is NOT a primary?",Acid,비디오 게임 Team Fortress 2에서 다음 중 기본이 아닌 것은 무엇인가요?,전문/마니아,특정 게임의 캐릭터·설정·플레이 지식을 알아야 풀 수 있습니다.,조건부
8415,Entertainment: Video Games,Multiple Choice,Hard,"In the game Cry of Fear, which enemy can cause the player to kill themselves if they are wielding a loaded firearm?",Freak,Cry of Fear 게임에서 플레이어가 장전된 총기를 휘두르면 자살하게 할 수 있는 적은 누구인가요?,전문/마니아,특정 게임의 캐릭터·설정·플레이 지식을 알아야 풀 수 있습니다.,비추천
8414,Entertainment: Video Games,Multiple Choice,Hard,"In the Half-Life mod ""Afraid of Monsters"" what was the name of the main protagonist?",Freak,"Half-Life 모드 ""Afraid of Monsters""에서 주인공의 이름은 무엇인가요?",전문/마니아,특정 게임의 캐릭터·설정·플레이 지식을 알아야 풀 수 있습니다.,비추천
8413,Entertainment: Video Games,Multiple Choice,Medium,"In the game Silent Hill 2, who was James Sunderland's late wife?",Freak,Silent Hill 2 게임에서 James Sunderland의 고인이 된 아내는 누구인가요?,전문/마니아,특정 게임의 캐릭터·설정·플레이 지식을 알아야 풀 수 있습니다.,조건부
8411,Entertainment: Video Games,Multiple Choice,Medium,"In the Jackbox party game Monster Seeking Monster, which monster can steal two hearts from other monsters under certain conditions?",Denizen9,Jackbox 파티 게임 Monster Seeking Monster에서 어떤 몬스터가 특정 조건에서 다른 몬스터의 하트 두 개를 훔칠 수 있나요?,전문/마니아,특정 게임의 캐릭터·설정·플레이 지식을 알아야 풀 수 있습니다.,조건부
8410,Entertainment: Film,Multiple Choice,Medium,"In ""The Hobbit,"" who was head of the White Council?",Mandiny,'호빗'에서 백색위원회 의장은 누구인가요?,전문/마니아,특정 영화·방송 작품의 인물이나 세부 내용을 알아야 풀 수 있습니다.,조건부
8409,Entertainment: Music,True / False,Medium,Pete Townshend was the first musician to destroy their intrument live on stage.,DonathanJoestar,Pete Townshend는 무대에서 라이브로 악기를 파괴한 최초의 음악가였습니다.,전문/마니아,특정 가수·밴드·음반의 세부 이력을 알아야 풀 수 있습니다.,조건부
8408,Entertainment: Music,True / False,Medium,"""Rumble"" by Link Wray is the only instrumental song to ever have been banned from US radio.",DonathanJoestar,"Link Wray의 ""Rumble""은 미국 라디오에서 금지된 유일한 기악곡입니다.",전문/마니아,특정 가수·밴드·음반의 세부 이력을 알아야 풀 수 있습니다.,조건부
8407,Entertainment: Music,Multiple Choice,Medium,Which British band did Keith Moon play in until his death in 1978?,DonathanJoestar,Keith Moon은 1978년 사망할 때까지 어느 영국 밴드에서 활동했습니까?,전문/마니아,특정 가수·밴드·음반의 세부 이력을 알아야 풀 수 있습니다.,조건부
8405,Entertainment: Film,Multiple Choice,Easy,"In Avengers: Infinity War, the Reality Stone (aka the Aether) was kept under safe possession by who?",Mandiny,어벤져스: 인피니티 워에서 리얼리티 스톤(Aether)은 누가 안전하게 소유하고 있었나요?,전문/마니아,특정 영화·방송 작품의 인물이나 세부 내용을 알아야 풀 수 있습니다.,조건부
8404,Entertainment: Film,Multiple Choice,Easy,"In Avengers: Infinity War, where was the Soul Stone located?",Mandiny,어벤져스: 인피니티 워에서 소울 스톤은 어디에 있었나요?,전문/마니아,특정 영화·방송 작품의 인물이나 세부 내용을 알아야 풀 수 있습니다.,조건부
8402,Politics,Multiple Choice,Medium,Which United Nations principal organ has been suspended since 1994?,CilantroTheDog,1994년 이후 정지된 유엔 주요 기관은 어디인가요?,일반,국제 뉴스나 사회 교육에서 접할 수 있는 정치 상식입니다.,추천
8401,General Knowledge,Multiple Choice,Easy,What is the most frequently used letter in the english alphabet?,Madamunkey,영어 알파벳에서 가장 자주 사용되는 문자는 무엇인가요?,일반,한국의 일반 교육과정이나 보편 상식으로 접할 수 있는 문제입니다.,추천
8397,Entertainment: Video Games,Multiple Choice,Medium,"The video game publishers known as ""tinyBuild"" published which of these games?",Madamunkey,"다음 중 ""tinyBuild""로 알려진 비디오 게임 게시자가 게시한 게임은 무엇인가요?",전문/마니아,특정 게임의 캐릭터·설정·플레이 지식을 알아야 풀 수 있습니다.,조건부
8393,Science: Computers,Multiple Choice,Hard,CMOS is tech used for constructing integrated circuits. What does CMOS stand for?,TonicThunder,CMOS는 집적 회로를 구성하는 데 사용되는 기술입니다. CMOS는 무엇을 의미하나요?,전문/마니아,컴퓨터 구조·소프트웨어에 관한 기술 지식이 필요한 문제입니다.,비추천
8392,Entertainment: Film,Multiple Choice,Medium,"In Tron: Legacy, Kevin Flynn wrote a program to create the perfect system. What was the program's name?",TonicThunder,Tron: Legacy에서 Kevin Flynn은 완벽한 시스템을 만들기 위한 프로그램을 작성했습니다. 프로그램 이름이 뭐였나요?,전문/마니아,특정 영화·방송 작품의 인물이나 세부 내용을 알아야 풀 수 있습니다.,조건부
8391,Entertainment: Television,Multiple Choice,Medium,What is the name of the mad scientist who owns Planet Express in Futurama?,Sparkifyed,퓨처라마에서 플래닛 익스프레스를 소유한 미친 과학자의 이름은 무엇인가요?,전문/마니아,특정 영화·방송 작품의 인물이나 세부 내용을 알아야 풀 수 있습니다.,조건부
8390,Science: Computers,True / False,Medium,The ARM computer chip was originally developed by Acorn Computers.,Kevsoft,ARM 컴퓨터 칩은 원래 Acorn Computers에서 개발되었습니다.,전문/마니아,컴퓨터 구조·소프트웨어에 관한 기술 지식이 필요한 문제입니다.,조건부
8389,General Knowledge,Multiple Choice,Hard,Which of these anatomical terms refers to the tail end of the creature?,Pikabush,다음 해부학적 용어 중 생물체의 꼬리 끝 부분을 나타내는 것은 무엇인가요?,일반,한국의 일반 교육과정이나 보편 상식으로 접할 수 있는 문제입니다.,조건부
8379,Entertainment: Books,Multiple Choice,Medium,"George Orwell's novel ""Animal Farm"" was inspired by which historical event?",Trottsky,"조지 오웰의 소설 ""동물농장""은 다음 중 어떤 역사적 사건에서 영감을 받았습니까?",전문/마니아,특정 문학·공연 작품의 작가나 세부 내용을 알아야 풀 수 있습니다.,조건부
8378,Entertainment: Music,True / False,Medium,"The composition ""1812 Overture"" by Tchaikovsky symbolized the War of 1812 between the United States, and Great Britain.",Trottsky,"차이코프스키의 ""1812 서곡""은 1812년 미국과 영국 사이의 전쟁을 상징합니다.",일반,한국에서도 널리 알려진 음악가나 대중음악 상식입니다.,추천
8377,History,True / False,Easy,"The Enlightenment was an era of philosophies, advancements, and scientific theories to improve society.",Trottsky,"계몽주의는 사회를 개선하기 위한 철학, 진보, 과학 이론의 시대였습니다.",일반,세계사 교육이나 일반 교양으로 접할 수 있는 역사 문제입니다.,추천
8376,History,Multiple Choice,Hard,What was the first recorded object to ever reach space?,Trottsky,우주에 도달한 최초의 기록된 물체는 무엇인가요?,일반,세계사 교육이나 일반 교양으로 접할 수 있는 역사 문제입니다.,조건부
8374,Art,Multiple Choice,Hard,"The painting ""Guernica"" by Pablo Picasso expressed emotions of dread in response to which war?",Trottsky,"파블로 피카소의 그림 ""게르니카""는 어떤 전쟁에 대한 두려움의 감정을 표현했습니까?",일반,학교 교육이나 대중매체에서 접할 수 있는 미술 상식입니다.,조건부
8372,Entertainment: Video Games,True / False,Medium,"In the rules of the Danganronpa franchise, it states that a nighttime curfew for certain areas occurs between 12am and 8am.",Trottsky,Danganronpa 프랜차이즈의 규칙에는 특정 지역의 야간 통금 시간이 오전 12시에서 오전 8시 사이에 발생한다고 명시되어 있습니다.,전문/마니아,특정 게임의 캐릭터·설정·플레이 지식을 알아야 풀 수 있습니다.,조건부
8371,History,Multiple Choice,Medium,Which of the following Soviet revolutionaries was exiled from the USSR and later assassinated in 1940 for criticizing Stalinism?,Trottsky,다음 중 스탈린주의를 비판했다는 이유로 소련에서 추방된 후 1940년에 암살된 소련 혁명가는 누구인가요?,일반,세계사 교육이나 일반 교양으로 접할 수 있는 역사 문제입니다.,조건부
8358,Entertainment: Japanese Anime & Manga,Multiple Choice,Medium,Which character in Touhou is able to control dolls?,nosnatef,동방에서 인형을 조종할 수 있는 캐릭터는 누구인가요?,전문/마니아,특정 애니메이션·만화의 인물이나 세부 내용을 알아야 풀 수 있습니다.,조건부
8357,Entertainment: Video Games,Multiple Choice,Medium,Which of these was NOT a launch title for the Nintendo 64?,TotallyNotCelly,다음 중 Nintendo 64의 출시 타이틀이 아닌 것은 무엇인가요?,전문/마니아,특정 게임의 캐릭터·설정·플레이 지식을 알아야 풀 수 있습니다.,조건부
8353,Entertainment: Video Games,Multiple Choice,Medium,"In ""A Hat In Time"" who is the final boss?",Prism,'A Hat In Time'의 최종보스는 누구인가요?,전문/마니아,특정 게임의 캐릭터·설정·플레이 지식을 알아야 풀 수 있습니다.,조건부
8352,Entertainment: Video Games,Multiple Choice,Easy,"In Undertale, MEGALOVANIA is a theme for which character?",Prism,Undertale에서 MEGALOVANIA는 어떤 캐릭터의 테마인가요?,전문/마니아,특정 게임의 캐릭터·설정·플레이 지식을 알아야 풀 수 있습니다.,조건부
8329,Science & Nature,Multiple Choice,Medium,What is the mathematical formula of Ohm's law?,amit,옴의 법칙의 수학 공식은 무엇인가요?,일반,한국의 과학 교육과정이나 보편적인 자연과학 상식입니다.,추천
8326,Entertainment: Video Games,Multiple Choice,Hard,"In Hollow Knight, how many Precepts does Zote have?",MsDarkLow,Hollow Knight에서 Zote는 몇 가지 교훈을 가지고 있나요?,전문/마니아,특정 게임의 캐릭터·설정·플레이 지식을 알아야 풀 수 있습니다.,비추천
8323,Entertainment: Video Games,Multiple Choice,Medium,"In Yakuza 0, what is the order of the fighting styles acquired as Kazuma Kiryu?",MsDarkLow,Yakuza 0에서 키류 카즈마가 습득한 전투 스타일의 순서는 무엇인가요?,전문/마니아,특정 게임의 캐릭터·설정·플레이 지식을 알아야 풀 수 있습니다.,조건부
8320,Entertainment: Video Games,Multiple Choice,Easy,What was the Maximum Level in World of Warcraft: Battle for Azeroth?,Lickman,월드 오브 워크래프트: 격전의 아제로스의 최대 레벨은 얼마였나요?,전문/마니아,특정 게임의 캐릭터·설정·플레이 지식을 알아야 풀 수 있습니다.,조건부
8319,General Knowledge,Multiple Choice,Easy,Who was the 1st President of Mexico?,mycloudvip,멕시코의 첫 번째 대통령은 누구인가요?,일반,한국의 일반 교육과정이나 보편 상식으로 접할 수 있는 문제입니다.,추천
8315,Science & Nature,Multiple Choice,Easy,What is an example of a bacterial pathogen?,Oprize,세균성 병원체의 예는 무엇인가요?,일반,한국의 과학 교육과정이나 보편적인 자연과학 상식입니다.,추천
8314,Entertainment: Film,Multiple Choice,Easy,Who directed Marvel's Avengers Endgame?,Skillie,마블의 어벤져스 엔드게임을 감독한 사람은 누구인가요?,일반,한국에서도 널리 알려진 작품에 관한 대중문화 상식입니다.,추천
8313,Entertainment: Music,Multiple Choice,Medium,What was Taylor Swift's 5th album called?,Skillie,Taylor Swift의 5집 앨범 이름은 무엇인가요?,전문/마니아,특정 가수·밴드·음반의 세부 이력을 알아야 풀 수 있습니다.,조건부
8311,Entertainment: Comics,Multiple Choice,Medium,What is the real full name of Captain America?,Skillie,캡틴 아메리카의 실제 이름은 무엇인가요?,전문/마니아,특정 애니메이션·만화의 인물이나 세부 내용을 알아야 풀 수 있습니다.,조건부
8309,Entertainment: Books,Multiple Choice,Medium,What is the name of the author of book series 'Percy Jackson'?,Oprize,책 시리즈 '퍼시 잭슨'의 저자 이름은 무엇인가요?,전문/마니아,특정 문학·공연 작품의 작가나 세부 내용을 알아야 풀 수 있습니다.,조건부
8307,Entertainment: Video Games,Multiple Choice,Easy,What was the name of the protagonist in Portal and Portal 2?,Oprize,Portal과 Portal 2의 주인공 이름은 무엇인가요?,전문/마니아,특정 게임의 캐릭터·설정·플레이 지식을 알아야 풀 수 있습니다.,조건부
8306,Entertainment: Video Games,Multiple Choice,Hard,"In Minecraft, what update did foods like steak become stackable?",Oprize,Minecraft에서 스테이크 같은 음식을 쌓을 수 있게 된 업데이트는 무엇인가요?,전문/마니아,특정 게임의 캐릭터·설정·플레이 지식을 알아야 풀 수 있습니다.,비추천
8305,Entertainment: Music,Multiple Choice,Medium,What was the birthplace of musical artist 'Sir Robert Bryson Hall II' (aka. Logic)?,Oprize,뮤지컬 아티스트 'Sir Robert Bryson Hall II'(일명 Logic)의 탄생지는 어디인가요?,전문/마니아,특정 가수·밴드·음반의 세부 이력을 알아야 풀 수 있습니다.,조건부
8303,Entertainment: Television,Multiple Choice,Medium,Who plays the character of Dennis Reynolds on It's Always Sunny in Philadelphia?,leapoz,It's Always Sunny in Philadelphia에서 데니스 레이놀즈 역을 맡은 사람은 누구인가요?,전문/마니아,특정 영화·방송 작품의 인물이나 세부 내용을 알아야 풀 수 있습니다.,조건부
8301,Entertainment: Video Games,Multiple Choice,Medium,How many Wii consoles were sold worldwide?,crypto,전 세계적으로 얼마나 많은 Wii 콘솔이 판매되었습니까?,전문/마니아,특정 게임의 캐릭터·설정·플레이 지식을 알아야 풀 수 있습니다.,조건부
8294,Entertainment: Video Games,True / False,Medium,"In the video game ""Blue Reflection"", the main protagonist, Hinako Shirai, was a ballet dancer.",Aqua,비디오 게임 '블루 리플렉션'의 주인공 시라이 히나코는 발레 댄서였습니다.,전문/마니아,특정 게임의 캐릭터·설정·플레이 지식을 알아야 풀 수 있습니다.,조건부
8289,Entertainment: Video Games,Multiple Choice,Easy,In the Yakuza series who is the Dragon of Dojima?,MsDarkLow,야쿠자 시리즈에서 도지마의 용은 누구인가요?,전문/마니아,특정 게임의 캐릭터·설정·플레이 지식을 알아야 풀 수 있습니다.,조건부
8286,Science & Nature,Multiple Choice,Easy,Naturally occuring uranium primarily consists of which isotope?,Ayaya,자연적으로 발생하는 우라늄은 주로 어떤 동위원소로 구성되어 있습니까?,일반,한국의 과학 교육과정이나 보편적인 자연과학 상식입니다.,추천
8284,Entertainment: Video Games,Multiple Choice,Medium,In Yakuza 4 who is the first character you play as?,MsDarkLow,Yakuza 4에서 가장 먼저 플레이하는 캐릭터는 누구인가요?,전문/마니아,특정 게임의 캐릭터·설정·플레이 지식을 알아야 풀 수 있습니다.,조건부
8283,Entertainment: Video Games,Multiple Choice,Easy,How many playable characters are there in Yakuza 5?,MsDarkLow,Yakuza 5에는 플레이 가능한 캐릭터가 몇 명 있습니까?,전문/마니아,특정 게임의 캐릭터·설정·플레이 지식을 알아야 풀 수 있습니다.,조건부
8274,Vehicles,Multiple Choice,Hard,Which of the following Union Pacific 'Big Boy' locomotives was restored to working order in 2019?,Ayaya,다음 Union Pacific 'Big Boy' 기관차 중 2019년에 작동 상태로 복원된 기관차는 무엇인가요?,일반,한국에서도 접할 수 있는 자동차와 교통수단 상식입니다.,조건부
8272,General Knowledge,Multiple Choice,Medium,What year was Walt Disney born?,Ayaya,월트 디즈니는 몇 년도에 탄생했나요?,전문/마니아,특정 기업·서비스의 세부 연혁을 알아야 풀 수 있습니다.,조건부
8271,Science & Nature,Multiple Choice,Hard,Which Landsat Satellite failed to reach orbit?,Ayaya,어떤 Landsat 위성이 궤도에 도달하지 못했습니까?,일반,한국의 과학 교육과정이나 보편적인 자연과학 상식입니다.,조건부
8270,Science & Nature,Multiple Choice,Hard,Which Landsat Satellite currently has had the longest operational life?,Ayaya,현재 가장 긴 작동 수명을 가진 Landsat 위성은 무엇인가요?,일반,보편적인 주제지만 시점에 따라 정답이 달라질 수 있습니다.,비추천
8269,Entertainment: Film,True / False,Easy,"In the original Star Wars: A New Hope, Han Solo is the first to shoot his blaster in a conversation with Greedo.",Ayaya,오리지널 스타워즈: 새로운 희망에서 한 솔로(Han Solo)는 그리도(Greedo)와의 대화에서 처음으로 블래스터를 쏘는 인물입니다.,일반,한국에서도 널리 알려진 작품에 관한 대중문화 상식입니다.,추천
8268,Entertainment: Japanese Anime & Manga,True / False,Easy,"In Miss Kobayashi's Dragon Maid, Tohru is a member of the harmony faction.",Ayaya,Miss Kobayashi's Dragon Maid에서 Tohru는 조화 세력의 일원입니다.,전문/마니아,특정 애니메이션·만화의 인물이나 세부 내용을 알아야 풀 수 있습니다.,조건부
8266,Entertainment: Television,True / False,Medium,"The author behind the acclaimed novel ""Leaving Las Vegas"" also wrote an episode of Rugrats.",HipsterElephant,"호평을 받은 소설 ""라스베가스를 떠나며""의 작가도 Rugrats의 에피소드를 썼습니다.",전문/마니아,특정 영화·방송 작품의 인물이나 세부 내용을 알아야 풀 수 있습니다.,조건부
8262,Entertainment: Video Games,Multiple Choice,Easy,How many carbon cars are there in Burnout Paradise?,CommanderAli,번아웃 파라다이스에는 몇 대의 카본 자동차가 있나요?,전문/마니아,특정 게임의 캐릭터·설정·플레이 지식을 알아야 풀 수 있습니다.,조건부
8260,Entertainment: Music,Multiple Choice,Easy,How many albums did King Gizzard & the Lizard Wizard release in 2017?,Aokaen,King Gizzard & the Lizard Wizard는 2017년에 몇 개의 앨범을 발매했습니까?,전문/마니아,특정 가수·밴드·음반의 세부 이력을 알아야 풀 수 있습니다.,조건부
8252,Entertainment: Cartoon & Animations,Multiple Choice,Easy,Which of these cartoons had a character named Heinz Doofenshmirtz?,charliep,다음 중 Heinz Doofenshmirtz라는 캐릭터가 등장하는 만화는 무엇인가요?,전문/마니아,특정 애니메이션·만화의 인물이나 세부 내용을 알아야 풀 수 있습니다.,조건부
8250,Entertainment: Television,Multiple Choice,Hard,"Which PBS station was the first station to air ""Monty Python's Flying Circus"" (1969-1974) in the United States?",KazuhiraMewtwo,"미국에서 ""Monty Python's Flying Circus""(1969-1974)를 최초로 방송한 PBS 방송국은 어디인가요?",전문/마니아,특정 영화·방송 작품의 인물이나 세부 내용을 알아야 풀 수 있습니다.,비추천
8249,History,Multiple Choice,Easy,When is the Ides of March?,povgamer,3월의 Ides는 언제인가요?,일반,세계사 교육이나 일반 교양으로 접할 수 있는 역사 문제입니다.,추천
8248,General Knowledge,Multiple Choice,Medium,"What was the height of Kingda Ka, the tallest roller coaster in the world from 2005 to 2024?",povgamer,2005년부터 2024년까지 세계에서 가장 높은 롤러코스터인 킹다 카(Kingda Ka)의 높이는 얼마였습니까?,일반,한국의 일반 교육과정이나 보편 상식으로 접할 수 있는 문제입니다.,추천
8244,Entertainment: Music,Multiple Choice,Easy,What genre of music did the band Type O Negative play?,Kornfan28,Type O Negative 밴드는 어떤 장르의 음악을 연주했나요?,전문/마니아,특정 가수·밴드·음반의 세부 이력을 알아야 풀 수 있습니다.,조건부
8234,General Knowledge,Multiple Choice,Easy,"What was the name of Sqiudward's bad painting in the Spongebob episode ""Artist Unknown?""",povgamer,"Spongebob 에피소드 ""Artist Unknown""에 나오는 Sqiudward의 나쁜 그림 이름은 무엇인가요?",전문/마니아,특정 게임·콘텐츠의 세부 정보를 알아야 풀 수 있습니다.,조건부
8233,Science & Nature,Multiple Choice,Medium,Tetsuya Fujita was a scientist that developed the scale for which natural disaster?,KazuhiraMewtwo,후지타 테츠야는 어떤 자연재해의 규모를 개발한 과학자였습니까?,일반,한국의 과학 교육과정이나 보편적인 자연과학 상식입니다.,추천
8232,Vehicles,Multiple Choice,Easy,"During World War 2, with tank was the most fear by the allies?",alexwu69,2차 세계대전 당시 연합군이 가장 두려워했던 것은 전차였다?,일반,한국에서도 접할 수 있는 자동차와 교통수단 상식입니다.,추천
8231,History,Multiple Choice,Easy,How many Sister Ships were related to the TItanic?,alexwu69,타이타닉과 관련된 자매선은 몇 척입니까?,일반,세계사 교육이나 일반 교양으로 접할 수 있는 역사 문제입니다.,추천
8230,Entertainment: Cartoon & Animations,Multiple Choice,Medium,"In what year did the anime adaptation of ""March Comes In Like A Lion"" air?",alexwu69,"""3월은 사자처럼 찾아온다""의 애니메이션 각색이 몇 년도에 방영되었습니까?",전문/마니아,특정 애니메이션·만화의 인물이나 세부 내용을 알아야 풀 수 있습니다.,조건부
8229,Entertainment: Japanese Anime & Manga,Multiple Choice,Medium,"On what date did the original ""Fruits Basket"" anime air in Japan?",alexwu69,"원작 ""과일 바구니"" 애니메이션이 일본에서 방영된 날짜는 언제입니까?",전문/마니아,특정 애니메이션·만화의 인물이나 세부 내용을 알아야 풀 수 있습니다.,조건부
8225,Entertainment: Video Games,Multiple Choice,Easy,"As of the year 2026, how many known moons does Jupiter have?",Cobalt24,2026년 현재 목성의 알려진 달 수는 몇 개인가요?,일반,보편적인 주제지만 시점에 따라 정답이 달라질 수 있습니다.,조건부
8222,Entertainment: Video Games,Multiple Choice,Hard,"In the game Warframe, what is the type of fish that is known to eat unwary natives of Cetus?",hibacilacle,"워프레임 게임에서, 부주의한 시터스 원주민을 잡아먹는 것으로 알려진 물고기의 종류는 무엇인가요?",전문/마니아,특정 게임의 캐릭터·설정·플레이 지식을 알아야 풀 수 있습니다.,비추천
8221,Entertainment: Video Games,Multiple Choice,Easy,"In the game Warframe, what is the bipedal robot from the Corpus faction called?",hibacilacle,워프레임 게임에서 코퍼스 세력의 이족보행 로봇을 뭐라고 부르나요?,전문/마니아,특정 게임의 캐릭터·설정·플레이 지식을 알아야 풀 수 있습니다.,조건부
8217,Science: Mathematics,Multiple Choice,Easy,What is the name of a nine sided polygon?,naza,9면 다각형의 이름은 무엇인가요?,일반,한국의 학교 수학이나 기초 수학 상식으로 접할 수 있습니다.,추천
8216,Science: Mathematics,Multiple Choice,Easy,How many sides does a heptagon have?,naza,칠각형에는 변이 몇 개 있나요?,일반,한국의 학교 수학이나 기초 수학 상식으로 접할 수 있습니다.,추천
8211,Science: Mathematics,Multiple Choice,Easy,What is a polygon with eight sides called?,naza,8개의 변을 가진 다각형을 무엇이라고 하나요?,일반,한국의 학교 수학이나 기초 수학 상식으로 접할 수 있습니다.,추천
8210,Science: Mathematics,Multiple Choice,Easy,What is the least number of sides a polygon can have?,naza,다각형이 가질 수 있는 최소 변의 수는 몇 개인가요?,일반,한국의 학교 수학이나 기초 수학 상식으로 접할 수 있습니다.,추천
8209,Science: Mathematics,Multiple Choice,Easy,How many sides does a pentagon have?,naza,오각형에는 변이 몇 개 있나요?,일반,한국의 학교 수학이나 기초 수학 상식으로 접할 수 있습니다.,추천
8208,Science: Mathematics,Multiple Choice,Easy,How many sides does a Möbius strip have?,ClockworkPie,뫼비우스 띠의 변은 몇 개인가요?,일반,한국의 학교 수학이나 기초 수학 상식으로 접할 수 있습니다.,추천
8207,History,Multiple Choice,Medium,Who was the first mammal successfully launched into Earth's orbit?,ClockworkPie,지구 궤도에 성공적으로 발사된 최초의 포유류는 누구인가요?,일반,세계사 교육이나 일반 교양으로 접할 수 있는 역사 문제입니다.,추천
8206,Art,Multiple Choice,Hard,"Who painted ""American Gothic""?",Katie,"""아메리칸 고딕""을 그린 사람은 누구인가요?",전문/마니아,특정 미술 작품·작가에 관한 전문적인 배경지식이 필요합니다.,비추천
8204,General Knowledge,True / False,Easy,The New York Subway is the oldest underground in the world.,pad,뉴욕 지하철은 세계에서 가장 오래된 지하철이다.,일반,한국의 일반 교육과정이나 보편 상식으로 접할 수 있는 문제입니다.,추천
8203,Politics,True / False,Easy,Berlin was the capital of two countries for about 40 years.,pad,베를린은 약 40년 동안 두 나라의 수도였습니다.,일반,국제 뉴스나 사회 교육에서 접할 수 있는 정치 상식입니다.,추천
8202,Geography,Multiple Choice,Medium,The US state of New York has about as many inhabitants as?,pad,미국 뉴욕주의 주민 수는 대략 다음과 같습니다?,해외특화,특정 외국의 지방 행정구역에 관한 현지 중심 지식입니다.,비추천
8201,Geography,Multiple Choice,Easy,What is the official language in Liechtenstein?,pad,리히텐슈타인의 공식 언어는 무엇인가요?,일반,한국의 교육과정이나 세계지리 상식으로 접할 수 있는 문제입니다.,추천
8200,Sports,Multiple Choice,Hard,Who did Drew Brees pass in all time NFL passing yards in 2018?,triplethepugg,2018년 NFL 패스 야드에서 Drew Brees는 누구를 패스했습니까?,전문/마니아,특정 종목의 선수·구단·경기 기록을 알아야 풀 수 있습니다.,비추천
8199,Sports,Multiple Choice,Medium,Who won NFL Super Bowl LI? (51),triplethepugg,NFL 슈퍼볼 LI(51회)에서 우승한 팀은 어디인가요?,전문/마니아,특정 종목의 선수·구단·경기 기록을 알아야 풀 수 있습니다.,조건부
8195,Entertainment: Video Games,Multiple Choice,Hard,Which game in the Dance Dance Revolution series introduced the Extra Stage?,Saltbearer,Dance Dance Revolution 시리즈 중 Extra Stage를 도입한 게임은 무엇인가요?,전문/마니아,특정 게임의 캐릭터·설정·플레이 지식을 알아야 풀 수 있습니다.,비추천
8193,Entertainment: Cartoon & Animations,Multiple Choice,Hard,What is Scooby Doo's full name?,CheetahFajita,스쿠비 두의 전체 이름은 무엇인가요?,전문/마니아,특정 애니메이션·만화의 인물이나 세부 내용을 알아야 풀 수 있습니다.,비추천
8190,Science & Nature,Multiple Choice,Medium,"At what depth should you make a decompression stop, or safety stop, on a typical scuba dive?",Jakesigalmix,일반적인 스쿠버 다이빙에서는 어느 정도 수심에서 감압 정지 또는 안전 정지를 해야 합니까?,일반,한국의 과학 교육과정이나 보편적인 자연과학 상식입니다.,추천
8189,Science: Mathematics,Multiple Choice,Easy,Which of the following is not one of the seven Millennium Prize Problems?,ChuTim,다음 중 밀레니엄상 7가지 문제에 속하지 않는 것은 무엇인가요?,전문/마니아,고급 수학 개념이나 수학사 지식이 필요한 문제입니다.,조건부
8188,History,Multiple Choice,Easy,In which year was Nelson Mandela released from prison,vukzrito,넬슨 만델라가 감옥에서 석방된 해는 언제입니까?,일반,세계사 교육이나 일반 교양으로 접할 수 있는 역사 문제입니다.,추천
8185,Entertainment: Video Games,Multiple Choice,Medium,"Who is the developer of the game ""Rocket League""?",Basil,"""Rocket League""라는 게임의 개발자는 누구인가요?",전문/마니아,특정 게임의 캐릭터·설정·플레이 지식을 알아야 풀 수 있습니다.,조건부
8183,Geography,Multiple Choice,Hard,Ouagadougou is the capital of which African country?,SkyZero96,와가두구가 아프리카 국가의 수도인 곳은 어디일까요?,일반,한국의 교육과정이나 세계지리 상식으로 접할 수 있는 문제입니다.,조건부
8180,Entertainment: Video Games,Multiple Choice,Medium,"The first game in the Touhou Project, ""Highly Responsive to Prayers"", is part of which genre?",scrimmy,"동방 프로젝트의 첫 번째 게임인 ""기도 응답성""은 어느 장르에 속합니까?",전문/마니아,특정 게임의 캐릭터·설정·플레이 지식을 알아야 풀 수 있습니다.,조건부
8178,General Knowledge,Multiple Choice,Easy,What is the name of the extra pedal on a manual or standard transmission car?,UtsuhoReiuji29,수동 또는 표준 변속기 차량의 추가 페달 이름은 무엇인가요?,일반,한국의 일반 교육과정이나 보편 상식으로 접할 수 있는 문제입니다.,추천
8176,Entertainment: Video Games,Multiple Choice,Medium,Which Touhou character is a Hell Raven?,UtsuhoReiuji29,동방 캐릭터 중 헬레이븐은 누구인가요?,전문/마니아,특정 게임의 캐릭터·설정·플레이 지식을 알아야 풀 수 있습니다.,조건부
8175,Vehicles,Multiple Choice,Easy,Which of these automotive brands originated in Sweden?,UtsuhoReiuji29,다음 중 스웨덴에서 시작된 자동차 브랜드는 무엇인가요?,일반,한국에서도 접할 수 있는 자동차와 교통수단 상식입니다.,조건부
8174,Entertainment: Japanese Anime & Manga,True / False,Easy,"In the anime ""Naruto"", the main character is a female.",daBart,애니메이션 '나루토'의 주인공은 여성이다.,전문/마니아,특정 애니메이션·만화의 인물이나 세부 내용을 알아야 풀 수 있습니다.,조건부
8173,Entertainment: Japanese Anime & Manga,Multiple Choice,Hard,"In the anime, ""Hunter X Hunter"", what is the main protagonist's name?",daBart,애니메이션 '헌터X헌터'의 주인공 이름은 무엇인가요?,전문/마니아,특정 애니메이션·만화의 인물이나 세부 내용을 알아야 풀 수 있습니다.,비추천
8172,Entertainment: Japanese Anime & Manga,Multiple Choice,Hard,"In the superhero anime, ""One Punch Man"", what is the main protagonist's Hero name?",daBart,슈퍼 히어로 애니메이션 '원펀맨'에서 주인공의 히어로 이름은 무엇인가요?,전문/마니아,특정 애니메이션·만화의 인물이나 세부 내용을 알아야 풀 수 있습니다.,비추천
8171,Entertainment: Video Games,Multiple Choice,Easy,What is the first Sony PlayStation console that runs on CD?,nosnatef,CD로 실행되는 최초의 Sony PlayStation 콘솔은 무엇인가요?,전문/마니아,특정 게임의 캐릭터·설정·플레이 지식을 알아야 풀 수 있습니다.,조건부
8168,Entertainment: Video Games,Multiple Choice,Medium,"Who is the main character of the game series ""Ace Attorney"" ?",Kalusenpaiuwu,"게임 시리즈 ""에이스 변호사""의 주인공은 누구인가요?",전문/마니아,특정 게임의 캐릭터·설정·플레이 지식을 알아야 풀 수 있습니다.,조건부
8167,Entertainment: Music,Multiple Choice,Hard,"Long John Baldry, the voice of Dr. Robotnik in Adventures Of Sonic The Hedgehog, was in a band with which music artist in the 1960s?",KazuhiraMewtwo,Adventures Of Sonic The Hedgehog에서 Dr. Robotnik의 목소리인 Long John Baldry는 1960년대에 어떤 음악가와 함께 밴드에 속해 있었습니까?,전문/마니아,특정 가수·밴드·음반의 세부 이력을 알아야 풀 수 있습니다.,비추천
8163,Entertainment: Video Games,Multiple Choice,Easy,"In the game ""Dead Rising"", what is the profession of the main character Frank West?",Hartisas,"게임 ""Dead Rising""에서 주인공 Frank West의 직업은 무엇인가요?",전문/마니아,특정 게임의 캐릭터·설정·플레이 지식을 알아야 풀 수 있습니다.,조건부
8158,Politics,True / False,Medium,"In France, a hunting license or a sport-shooting license is needed to purchase any firearm.",nosnatef,프랑스에서는 총기를 구입하려면 사냥 면허증이나 스포츠 사격 면허증이 필요합니다.,해외특화,특정 외국의 국내 정치·법제도에 관한 현지 중심 지식입니다.,비추천
8153,Geography,Multiple Choice,Medium,Which islands below have been claimed by both Japan and Russia?,nosnatef,다음 중 일본과 러시아가 각각 영유권을 주장한 섬은 무엇인가요?,일반,한국의 교육과정이나 세계지리 상식으로 접할 수 있는 문제입니다.,추천
8150,Science: Computers,True / False,Medium,"There is only 1 root name server, among 13 in total, that is currently located in Asia.",nosnatef,루트 네임서버는 총 13개 중 현재 아시아에 1개만 있습니다.,전문/마니아,특정 분야 지식과 기준 시점 확인이 모두 필요한 문제입니다.,비추천
8149,Geography,Multiple Choice,Medium,Which country ranks first in the number of historically active volcanoes?,nosnatef,역사적으로 활화산 수가 가장 많은 국가는 어디인가요?,일반,한국의 교육과정이나 세계지리 상식으로 접할 수 있는 문제입니다.,추천
8147,Science & Nature,Multiple Choice,Medium,Which continent do sweet potatoes originally come from?,nosnatef,고구마는 원래 어느 대륙에서 왔나요?,일반,한국의 과학 교육과정이나 보편적인 자연과학 상식입니다.,추천
8146,Science & Nature,Multiple Choice,Hard,Which country first successfully farm-hatched and raised bluefin tuna in 1979?,nosnatef,1979년에 처음으로 양식장에서 참다랑어 양식에 성공한 국가는 어디인가요?,일반,한국의 과학 교육과정이나 보편적인 자연과학 상식입니다.,조건부
8143,Entertainment: Music,Multiple Choice,Hard,What was the progressive rock band Rush's first single?,thaonepuppyguy,프로그레시브 록 밴드 Rush의 첫 번째 싱글은 무엇인가요?,전문/마니아,특정 가수·밴드·음반의 세부 이력을 알아야 풀 수 있습니다.,비추천
8130,Entertainment: Video Games,Multiple Choice,Hard,Which achievement name is shared between Team Fortress 2 and Left 4 Dead 2?,GreenTees,Team Fortress 2와 Left 4 Dead 2가 공유하는 업적 이름은 무엇인가요?,전문/마니아,특정 게임의 캐릭터·설정·플레이 지식을 알아야 풀 수 있습니다.,비추천
8127,Entertainment: Books,Multiple Choice,Easy,What is the name of the fourth book in Stephen King's The Dark Tower series?,Sleet,스티븐 킹의 다크 타워 시리즈 네 번째 책의 이름은 무엇인가요?,전문/마니아,특정 문학·공연 작품의 작가나 세부 내용을 알아야 풀 수 있습니다.,조건부
8125,General Knowledge,Multiple Choice,Easy,"In blood typing, the (+) and (-) marker after an A, B, AB, or O is called Rh factor. Which of the following is the source of its discovery?",Sleet,"혈액형에서 A, B, AB, O 뒤의 (+)와 (-) 표시를 Rh 인자라고 합니다. 다음 중 발견의 출처는 무엇인가요?",일반,한국의 일반 교육과정이나 보편 상식으로 접할 수 있는 문제입니다.,조건부
8124,Vehicles,Multiple Choice,Medium,What was the aircraft registration for the last Concorde built?,Agent2583,마지막으로 제작된 콩코드의 항공기 등록은 무엇인가요?,일반,한국에서도 접할 수 있는 자동차와 교통수단 상식입니다.,추천
8123,Mythology,Multiple Choice,Easy,An Ankh is the Egyptian Hieroglyph for what?,Agent2583,Ankh는 무엇을 위한 이집트 상형문자입니까?,전문/마니아,특정 신화의 인물과 세부 서사를 알아야 풀 수 있습니다.,조건부
8120,Sports,Multiple Choice,Medium,"The 1988 Formula 1 season had McLaren win all but one race, what race did they not win?",Agent2583,1988년 포뮬러 1 시즌에서 McLaren은 단 한 번의 레이스를 제외하고 모두 승리했습니다. 그들이 이기지 못한 레이스는 무엇인가요?,전문/마니아,특정 종목의 선수·구단·경기 기록을 알아야 풀 수 있습니다.,조건부
8118,Entertainment: Video Games,Multiple Choice,Hard,Which of these Pokemon is NOT exclusively female?,TotallyNotCelly,다음 중 암컷만 포켓몬이 아닌 것은 무엇인가요?,전문/마니아,특정 게임의 캐릭터·설정·플레이 지식을 알아야 풀 수 있습니다.,비추천
8116,Entertainment: Video Games,Multiple Choice,Hard,"Which is the model number of the common laser rifle found in Fallout 3, Fallout: New Vegas, and Fallout 4?",TotallyNotCelly,"Fallout 3, Fallout: New Vegas 및 Fallout 4에 등장하는 일반적인 레이저 소총의 모델 번호는 무엇인가요?",전문/마니아,특정 게임의 캐릭터·설정·플레이 지식을 알아야 풀 수 있습니다.,비추천
8115,Entertainment: Video Games,True / False,Easy,"In the Fallout: New Vegas add-on Lonesome Road, Ulysses wields a flag pole named The Liberator.",TotallyNotCelly,Fallout: New Vegas 추가 콘텐츠 Lonesome Road에서 Ulysses는 The Liberator라는 깃대를 휘두릅니다.,전문/마니아,특정 게임의 캐릭터·설정·플레이 지식을 알아야 풀 수 있습니다.,조건부
8114,Entertainment: Video Games,Multiple Choice,Medium,"In the Fallout: New Vegas add-on Honest Hearts, what is the name of Joshua Graham's personal .45 pistol?",TotallyNotCelly,Fallout: New Vegas 추가 콘텐츠 Honest Hearts에서 Joshua Graham의 개인용.45 권총 이름은 무엇인가요?,전문/마니아,특정 게임의 캐릭터·설정·플레이 지식을 알아야 풀 수 있습니다.,조건부
8112,Sports,Multiple Choice,Medium,Which player has scored the most goals in the England Premier League (EPL)?,Londo61,잉글랜드 프리미어 리그(EPL)에서 가장 많은 골을 넣은 선수는 누구인가요?,전문/마니아,특정 종목의 선수·구단·경기 기록을 알아야 풀 수 있습니다.,조건부
8110,Sports,Multiple Choice,Medium,Who has played the most tournaments in the German national soccer team?,Londo61,독일 축구 국가대표팀에서 가장 많은 토너먼트에 출전한 사람은 누구인가요?,전문/마니아,특정 종목의 선수·구단·경기 기록을 알아야 풀 수 있습니다.,조건부
8109,Sports,Multiple Choice,Medium,Who has played the most tournaments on the Brazilian national soccer team?,Londo61,브라질 축구 국가대표팀에서 가장 많은 토너먼트에 출전한 사람은 누구인가요?,전문/마니아,특정 종목의 선수·구단·경기 기록을 알아야 풀 수 있습니다.,조건부
8108,Sports,Multiple Choice,Hard,Which of these NHL players have never won a Hart Trophy for Regular Season MVP?,kamui97,다음 NHL 선수 중 정규 시즌 MVP로 Hart 트로피를 받은 적이 없는 선수는 누구인가요?,전문/마니아,특정 종목의 선수·구단·경기 기록을 알아야 풀 수 있습니다.,비추천
8107,Sports,Multiple Choice,Medium,Which of these NHL teams have never moved since their inception?,kamui97,다음 NHL 팀 중 창단 이후 한 번도 이사한 적이 없는 팀은 어디인가요?,전문/마니아,특정 종목의 선수·구단·경기 기록을 알아야 풀 수 있습니다.,조건부
8106,Sports,Multiple Choice,Medium,Which of these jersey numbers has Shaquille O'Neal never worn?,kamui97,다음 중 샤킬 오닐이 한 번도 착용한 적이 없는 등번호는 무엇인가요?,전문/마니아,특정 종목의 선수·구단·경기 기록을 알아야 풀 수 있습니다.,조건부
8105,Sports,Multiple Choice,Easy,Which of these teams has Jaromir Jagr not played for?,kamui97,다음 중 Jaromir Jagr이 뛰지 않은 팀은 어디인가요?,전문/마니아,특정 종목의 선수·구단·경기 기록을 알아야 풀 수 있습니다.,조건부
8104,Sports,Multiple Choice,Easy,Which of these NHL teams originally played in Atlanta?,kamui97,다음 NHL 팀 중 원래 애틀랜타에서 뛰었던 팀은 어디인가요?,전문/마니아,특정 종목의 선수·구단·경기 기록을 알아야 풀 수 있습니다.,조건부
8100,General Knowledge,Multiple Choice,Medium,Which mountain has the highest peak in Australia?,SkyZero96,호주에서 가장 높은 산이 있는 산은 어디인가요?,일반,한국의 일반 교육과정이나 보편 상식으로 접할 수 있는 문제입니다.,추천
8099,General Knowledge,Multiple Choice,Medium,Which mountain has the highest peak in Africa?,SkyZero96,아프리카에서 가장 높은 봉우리를 갖고 있는 산은 어느 것입니까?,일반,한국의 일반 교육과정이나 보편 상식으로 접할 수 있는 문제입니다.,추천
8098,General Knowledge,Multiple Choice,Medium,Which mountain has the highest peak in South America?,SkyZero96,남아메리카에서 가장 높은 봉우리를 갖고 있는 산은 어느 것입니까?,일반,한국의 일반 교육과정이나 보편 상식으로 접할 수 있는 문제입니다.,추천
8097,General Knowledge,Multiple Choice,Medium,Which mountain has the highest peak in Europe?,SkyZero96,유럽에서 가장 높은 봉우리를 갖고 있는 산은 어느 것입니까?,일반,한국의 일반 교육과정이나 보편 상식으로 접할 수 있는 문제입니다.,추천
8096,General Knowledge,Multiple Choice,Medium,Which mountain has the highest peak in North America?,SkyZero96,북미에서 가장 높은 봉우리를 갖고 있는 산은 어느 것입니까?,일반,한국의 일반 교육과정이나 보편 상식으로 접할 수 있는 문제입니다.,추천
8095,General Knowledge,Multiple Choice,Medium,"What are the tallest twin buildings in the world, with a height of 1,483 ft (451.9 m)?",SkyZero96,"높이가 451.9m(1,483피트)인 세계에서 가장 높은 쌍둥이 건물은 무엇인가요?",일반,한국의 일반 교육과정이나 보편 상식으로 접할 수 있는 문제입니다.,추천
8094,General Knowledge,Multiple Choice,Medium,"Out of these four buildings, which one is the tallest, with a height of 1,250 ft (381 m)?",SkyZero96,"이 네 개의 건물 중 높이가 381m(1,250피트)로 가장 높은 건물은 무엇인가요?",일반,한국의 일반 교육과정이나 보편 상식으로 접할 수 있는 문제입니다.,추천
8093,General Knowledge,Multiple Choice,Medium,"Out of these four buildings, which one is the tallest, with a height of 1,483 ft (451.9 m)?",SkyZero96,"이 네 개의 건물 중 높이가 451.9m(1,483피트)로 가장 높은 건물은 무엇인가요?",일반,한국의 일반 교육과정이나 보편 상식으로 접할 수 있는 문제입니다.,추천
8092,General Knowledge,Multiple Choice,Medium,"Out of these four buildings, which one is the tallest, with a height of 2,717 ft (828 m)?",SkyZero96,"이 네 개의 건물 중 높이가 828m(2,717피트)로 가장 높은 건물은 무엇인가요?",일반,한국의 일반 교육과정이나 보편 상식으로 접할 수 있는 문제입니다.,추천
8091,General Knowledge,Multiple Choice,Medium,"Out of these four buildings, which one is the tallest, with a height of 1,776 ft (541.3 m)?",SkyZero96,"이 네 개의 건물 중 높이가 541.3m(1,776피트)로 가장 높은 건물은 무엇인가요?",일반,한국의 일반 교육과정이나 보편 상식으로 접할 수 있는 문제입니다.,추천
8086,Entertainment: Video Games,Multiple Choice,Medium,"In the ""Neptunia"" series which nation does Neptune rule over?",MirrorWised,"""넵튜니아"" 시리즈에서 넵튠은 어느 나라를 통치하나요?",전문/마니아,특정 게임의 캐릭터·설정·플레이 지식을 알아야 풀 수 있습니다.,조건부
8082,Entertainment: Video Games,True / False,Medium,"In the canon ""Neptunia"" games, Neptune is always the main protagonist.",MirrorWised,"캐논 ""Neptunia"" 게임에서는 Neptune이 항상 주요 주인공입니다.",전문/마니아,특정 게임의 캐릭터·설정·플레이 지식을 알아야 풀 수 있습니다.,조건부
8079,Entertainment: Music,Multiple Choice,Medium,Which of these is NOT a song featured on Green Day's 21st Century Breakdown album?,GonerBomber,다음 중 Green Day의 21st Century Breakdown 앨범에 수록된 노래가 아닌 것은 무엇인가요?,전문/마니아,특정 가수·밴드·음반의 세부 이력을 알아야 풀 수 있습니다.,조건부
8078,Entertainment: Video Games,True / False,Easy,Ryuji Sakamoto is a character from Final Fantasy.,GonerBomber,사카모토 류지(Ryuji Sakamoto)는 파이널 판타지의 등장인물이다.,전문/마니아,특정 게임의 캐릭터·설정·플레이 지식을 알아야 풀 수 있습니다.,조건부
8076,Entertainment: Video Games,Multiple Choice,Hard,"In the game ""Sonic the Hedgehog (1991)"" how many chaos emeralds could you collect?",MirrorWised,"""소닉 더 헤지혹(1991)"" 게임에서 얼마나 많은 카오스 에메랄드를 수집할 수 있나요?",전문/마니아,특정 게임의 캐릭터·설정·플레이 지식을 알아야 풀 수 있습니다.,비추천
8074,Entertainment: Video Games,Multiple Choice,Hard,"In the game ""Super Hang-On"" which is the top speed WITH the use of turbo?",MirrorWised,터보를 사용하면 최고 속도를 낼 수 있는 게임 '슈퍼 행온(Super Hang-On)'은?,전문/마니아,특정 게임의 캐릭터·설정·플레이 지식을 알아야 풀 수 있습니다.,비추천
8072,Science: Computers,Multiple Choice,Hard,What is the maximum value of a 32-bit signed binary integer?,Conjo,32비트 부호 있는 이진 정수의 최대값은 얼마입니까?,전문/마니아,컴퓨터 구조·소프트웨어에 관한 기술 지식이 필요한 문제입니다.,비추천
8069,Geography,Multiple Choice,Hard,In what part of Wales will you find the village Llanfairpwllgwyngyllgogerychwyrndrobwllllantysiliogogogoch?,Druss,웨일즈의 어느 지역에서 Llanfairpwllgwyngyllgogerychwyrndrobwllllantysiliogogogoch 마을을 찾을 수 있나요?,해외특화,특정 외국의 지방 행정구역에 관한 현지 중심 지식입니다.,비추천
8067,Entertainment: Video Games,Multiple Choice,Easy,"In Spyro the Dragon, what is Spyro's dragonfly friend called?",Albzi,스파이로 더 드래곤(Spyro the Dragon)에서 스파이로의 잠자리 친구는 무엇이라고 불리나요?,전문/마니아,특정 게임의 캐릭터·설정·플레이 지식을 알아야 풀 수 있습니다.,조건부
8066,Entertainment: Video Games,Multiple Choice,Medium,Which video game company developed the 2019 game Rage 2?,SkyZero96,2019년 게임 Rage 2를 개발한 비디오 게임 회사는 어디인가요?,전문/마니아,특정 게임의 캐릭터·설정·플레이 지식을 알아야 풀 수 있습니다.,조건부
8065,Entertainment: Video Games,Multiple Choice,Hard,"In the book & video game Metro 2033, which Moscow Metro station is the main character Artyom's home station?",SkyZero96,도서 및 비디오 게임 Metro 2033에서 주인공 Artyom의 고향인 모스크바 지하철 역은 어디인가요?,전문/마니아,특정 게임의 캐릭터·설정·플레이 지식을 알아야 풀 수 있습니다.,비추천
8064,General Knowledge,Multiple Choice,Medium,"What is the largest rapid transit system in the world by number of stations, with 472 stations in operation?",SkyZero96,"472개의 역이 운영되고 있으며, 역 수 기준으로 세계 최대 규모의 고속철도 시스템은 무엇인가요?",일반,한국의 일반 교육과정이나 보편 상식으로 접할 수 있는 문제입니다.,추천
8063,Geography,Multiple Choice,Easy,"Which European city is known as the ""City of Light""?",SkyZero96,"""빛의 도시""로 알려진 유럽 도시는 어디인가요?",일반,한국의 교육과정이나 세계지리 상식으로 접할 수 있는 문제입니다.,추천
8062,Geography,Multiple Choice,Easy,"Which US state is also known as the ""Lone Star State""?",SkyZero96,"""론스타 주(Lone Star State)""라고도 알려진 미국의 주는 어디인가요?",해외특화,특정 외국의 지방 행정구역에 관한 현지 중심 지식입니다.,조건부
8059,Entertainment: Film,Multiple Choice,Easy,"Who is the main antagonist of Christopher Nolan's 2012 film ""The Dark Knight Rises""?",ITheWarden,크리스토퍼 놀란 감독의 2012년 영화 '다크 나이트 라이즈'의 주요 적대자는 누구인가요?,전문/마니아,특정 영화·방송 작품의 인물이나 세부 내용을 알아야 풀 수 있습니다.,조건부
8057,Entertainment: Video Games,Multiple Choice,Medium,What is the name of the province you explore in Runescape?,Broadcastinq,Runescape에서 탐험하는 지방의 이름은 무엇인가요?,전문/마니아,특정 게임의 캐릭터·설정·플레이 지식을 알아야 풀 수 있습니다.,조건부
8054,Entertainment: Video Games,Multiple Choice,Medium,"How many Mudokons are rescuable in ""Oddworld: New 'N' Tasty""?",Raszner,"""Oddworld: New 'N' Tasty""에서 얼마나 많은 Mudokon을 구출할 수 있나요?",전문/마니아,특정 게임의 캐릭터·설정·플레이 지식을 알아야 풀 수 있습니다.,조건부
8053,Entertainment: Video Games,Multiple Choice,Hard,"In Rainbow 6 Siege, what is Ela and Zofia's last name?",Raszner,Rainbow 6 Siege에서 Ela와 Zofia의 성은 무엇인가요?,전문/마니아,특정 게임의 캐릭터·설정·플레이 지식을 알아야 풀 수 있습니다.,비추천
8052,Entertainment: Video Games,Multiple Choice,Hard,"In Rainbow 6 Siege, what is Mozzie's real name?",Raszner,Rainbow 6 Siege에서 Mozzie의 진짜 이름은 무엇인가요?,전문/마니아,특정 게임의 캐릭터·설정·플레이 지식을 알아야 풀 수 있습니다.,비추천
8051,Entertainment: Video Games,Multiple Choice,Medium,What country is Sean Matsuda from in Street Fighter?,Raszner,스트리트 파이터의 마츠다 숀은 어느 나라 출신인가요?,전문/마니아,특정 게임의 캐릭터·설정·플레이 지식을 알아야 풀 수 있습니다.,조건부
8050,Entertainment: Video Games,Multiple Choice,Easy,"In the Street Fighter franchise, what's Ken's surname?",Raszner,Street Fighter 프랜차이즈에서 Ken의 성은 무엇인가요?,전문/마니아,특정 게임의 캐릭터·설정·플레이 지식을 알아야 풀 수 있습니다.,조건부
8048,Entertainment: Video Games,Multiple Choice,Hard,When was Minecraft 1.0 released?,SkyZero96,마인크래프트 1.0은 언제 출시됐나요?,전문/마니아,특정 게임의 캐릭터·설정·플레이 지식을 알아야 풀 수 있습니다.,비추천
8047,Entertainment: Film,Multiple Choice,Medium,"What American actor directed and co-starred alongside Emily Blunt in 2018's horror film ""A Quiet Place""?",SkyZero96,"2018년 공포 영화 ""콰이어트 플레이스""에서 에밀리 블런트와 함께 감독하고 공동 주연을 맡은 미국 배우는 누구인가요?",전문/마니아,특정 영화·방송 작품의 인물이나 세부 내용을 알아야 풀 수 있습니다.,조건부
8046,Science: Computers,Multiple Choice,Medium,What was the name of the image that features as the default background wallpaper for Windows XP?,SkyZero96,Windows XP의 기본 배경 화면으로 사용되는 이미지의 이름은 무엇인가요?,전문/마니아,컴퓨터 구조·소프트웨어에 관한 기술 지식이 필요한 문제입니다.,조건부
8045,Science: Computers,Multiple Choice,Easy,The Windows OS was delevoped by which company?,SkyZero96,Windows OS는 어느 회사에서 개발되었습니까?,일반,디지털 기기와 인터넷 사용에서 접할 수 있는 기초 컴퓨터 상식입니다.,추천
8044,Entertainment: Video Games,Multiple Choice,Medium,In what year did Microsoft release the original Xbox console in North America?,SkyZero96,Microsoft는 몇 년도에 북미 지역에 최초의 Xbox 콘솔을 출시했습니까?,전문/마니아,특정 게임의 캐릭터·설정·플레이 지식을 알아야 풀 수 있습니다.,조건부
8043,Entertainment: Music,Multiple Choice,Medium,"Which music artist made the songs ""Heart"", ""It's a Sin"", and ""West End Girls""?",SkyZero96,"""Heart"", ""It's a Sin"", ""West End Girls""를 만든 음악가는 누구인가요?",전문/마니아,특정 가수·밴드·음반의 세부 이력을 알아야 풀 수 있습니다.,조건부
8042,Geography,Multiple Choice,Medium,What is the state capital of South Dakota?,SkyZero96,사우스다코타의 주도는 무엇인가요?,해외특화,특정 외국의 지방 행정구역에 관한 현지 중심 지식입니다.,비추천
8041,Entertainment: Film,Multiple Choice,Medium,Which of these movies is NOT considered to be part of the Marvel Cinematic Universe?,SkyZero96,다음 중 Marvel Cinematic Universe의 일부로 간주되지 않는 영화는 무엇인가요?,일반,한국에서도 널리 알려진 작품에 관한 대중문화 상식입니다.,조건부
8040,General Knowledge,Multiple Choice,Hard,What is the longest bridge in the world?,SkyZero96,세계에서 가장 긴 다리는 무엇인가요?,일반,한국의 일반 교육과정이나 보편 상식으로 접할 수 있는 문제입니다.,조건부
8038,Entertainment: Video Games,Multiple Choice,Medium,"In Minecraft, which of these ingredients is needed to brew a Potion of Water Breathing?",SkyZero96,Minecraft에서 수중 호흡 물약을 만드는 데 필요한 재료는 무엇인가요?,전문/마니아,특정 게임의 캐릭터·설정·플레이 지식을 알아야 풀 수 있습니다.,조건부
8037,Entertainment: Video Games,True / False,Easy,"In 2019, Minecraft outsold Tetris to become the world's best-selling video game.",SkyZero96,2019년에는 Minecraft가 Tetris를 제치고 세계에서 가장 많이 팔린 비디오 게임이 되었습니다.,전문/마니아,특정 게임의 캐릭터·설정·플레이 지식을 알아야 풀 수 있습니다.,조건부
8036,Entertainment: Music,Multiple Choice,Hard,"Which of the music artists did NOT perform in the Live Aid concert in Wembley Stadium, London in 1985?",SkyZero96,1985년 런던 웸블리 스타디움에서 열린 라이브 에이드 콘서트에서 공연하지 않은 음악가는 누구인가요?,전문/마니아,특정 가수·밴드·음반의 세부 이력을 알아야 풀 수 있습니다.,비추천
8035,General Knowledge,Multiple Choice,Easy,"The word ""dozen"" usually refers to a group of how many objects?",SkyZero96,"""다스""라는 단어는 일반적으로 몇 개의 개체로 구성된 그룹을 의미합니까?",일반,한국의 일반 교육과정이나 보편 상식으로 접할 수 있는 문제입니다.,추천
8034,History,Multiple Choice,Easy,In which war did the atomic bombings of Hiroshima and Nagasaki occur?,SkyZero96,히로시마와 나가사키에 원자폭탄이 떨어진 전쟁은 어느 전쟁이었습니까?,일반,세계사 교육이나 일반 교양으로 접할 수 있는 역사 문제입니다.,추천
8033,History,Multiple Choice,Medium,What was the name of the first permanent English settlement in America?,SkyZero96,미국 최초의 영구 영국 정착지의 이름은 무엇인가요?,일반,세계사 교육이나 일반 교양으로 접할 수 있는 역사 문제입니다.,추천
8032,History,Multiple Choice,Easy,"The RMS Titanic sunk during her maiden voyage from Southampton, England to which American city?",SkyZero96,RMS 타이타닉호가 영국 사우샘프턴에서 미국 도시로 처녀 항해를 하다가 침몰했습니다. 어느 도시일까요?,일반,세계사 교육이나 일반 교양으로 접할 수 있는 역사 문제입니다.,추천
8029,Entertainment: Video Games,Multiple Choice,Easy,"In ""Phantasy Star Online 2"", which is the first area that you are granted access to?",Wind,'판타지스타 온라인 2'에서 가장 먼저 입장 권한이 부여된 지역은 어디인가요?,전문/마니아,특정 게임의 캐릭터·설정·플레이 지식을 알아야 풀 수 있습니다.,조건부
8022,Entertainment: Japanese Anime & Manga,Multiple Choice,Medium,My Hero Academia's main character Midoriya goes by what superhero name?,Wind,나의 히어로 아카데미아의 주인공 미도리야의 슈퍼 히어로 이름은 무엇인가요?,전문/마니아,특정 애니메이션·만화의 인물이나 세부 내용을 알아야 풀 수 있습니다.,조건부
8021,Entertainment: Japanese Anime & Manga,Multiple Choice,Easy,"What anime studio was in charge of the hit anime ""Made in Abyss""?",Wind,"히트 애니메이션 ""Made in Abyss""를 담당한 애니메이션 스튜디오는 어디인가요?",전문/마니아,특정 애니메이션·만화의 인물이나 세부 내용을 알아야 풀 수 있습니다.,조건부
8015,General Knowledge,Multiple Choice,Medium,"Which famed architect, who died in 2019 aged 102, designed the glass pyramid at the Louvre museum in Paris?",Octo,2019년 102세의 나이로 세상을 떠난 유명 건축가 중 파리 루브르 박물관의 유리 피라미드를 디자인한 사람은 누구일까요?,일반,한국의 일반 교육과정이나 보편 상식으로 접할 수 있는 문제입니다.,추천
8014,Entertainment: Video Games,Multiple Choice,Medium,"In Minecraft, what types of sound files are required for custom SFX to work in resource packs?",Conjo,Minecraft에서 사용자 정의 SFX가 리소스 팩에서 작동하려면 어떤 유형의 사운드 파일이 필요합니까?,전문/마니아,특정 게임의 캐릭터·설정·플레이 지식을 알아야 풀 수 있습니다.,조건부
8011,General Knowledge,Multiple Choice,Easy,What do sailors call the back of a boat?,SkyZero96,선원들은 배의 뒤쪽을 무엇이라고 부르나요?,일반,한국의 일반 교육과정이나 보편 상식으로 접할 수 있는 문제입니다.,추천
8010,General Knowledge,Multiple Choice,Easy,What do sailors call the front of a boat?,SkyZero96,선원들은 배의 앞부분을 무엇이라고 부릅니까?,일반,한국의 일반 교육과정이나 보편 상식으로 접할 수 있는 문제입니다.,추천
8009,General Knowledge,Multiple Choice,Easy,What do sailors call the right side of a boat?,SkyZero96,선원들은 배의 오른쪽을 무엇이라고 부릅니까?,일반,한국의 일반 교육과정이나 보편 상식으로 접할 수 있는 문제입니다.,추천
8008,General Knowledge,Multiple Choice,Easy,What do sailors call the left side of a boat?,SkyZero96,선원들은 배의 왼쪽 부분을 무엇이라고 부릅니까?,일반,한국의 일반 교육과정이나 보편 상식으로 접할 수 있는 문제입니다.,추천
8007,Entertainment: Film,Multiple Choice,Medium,"Which DC superhero was NOT included in the 2017 movie ""Justice League""?",SkyZero96,"2017년 영화 ""저스티스 리그""에 포함되지 않은 DC ​​슈퍼히어로는 누구인가요?",전문/마니아,특정 영화·방송 작품의 인물이나 세부 내용을 알아야 풀 수 있습니다.,조건부
8006,Politics,Multiple Choice,Hard,Which nation joined NATO as its 29th member in 2017?,SkyZero96,2017년에 NATO에 29번째 회원국으로 가입한 국가는 어디인가요?,일반,국제 뉴스나 사회 교육에서 접할 수 있는 정치 상식입니다.,조건부
8005,Entertainment: Film,Multiple Choice,Easy,"Who directed the 2017 movie ""The Shape of Water""?",SkyZero96,2017년 영화 '셰이프 오브 워터'의 감독은 누구인가요?,전문/마니아,특정 영화·방송 작품의 인물이나 세부 내용을 알아야 풀 수 있습니다.,조건부
8004,Geography,Multiple Choice,Medium,The Gambia is a nation found on which continent?,SkyZero96,감비아는 어느 대륙에 있는 국가입니까?,일반,한국의 교육과정이나 세계지리 상식으로 접할 수 있는 문제입니다.,추천
8003,General Knowledge,Multiple Choice,Medium,"What English word means to ""think deeply""?",SkyZero96,"""깊이 생각하다""를 의미하는 영어 단어는 무엇인가요?",일반,한국의 일반 교육과정이나 보편 상식으로 접할 수 있는 문제입니다.,추천
8002,General Knowledge,True / False,Easy,Studies suggest that approximately 40% of the world population is left-handed.,SkyZero96,연구에 따르면 세계 인구의 약 40%가 왼손잡이인 것으로 나타났습니다.,일반,한국의 일반 교육과정이나 보편 상식으로 접할 수 있는 문제입니다.,추천
8001,Science & Nature,Multiple Choice,Easy,What produces the green colour of most plant leaves?,SkyZero96,대부분의 식물 잎이 녹색을 띠는 것은 무엇인가요?,일반,한국의 과학 교육과정이나 보편적인 자연과학 상식입니다.,추천
8000,General Knowledge,Multiple Choice,Easy,"""A3"", ""B1"", and ""Legal"" are typical names of sizes for what object?",SkyZero96,"""A3"", ""B1"" 및 ""Legal""은 어떤 물체의 일반적인 크기 이름입니까?",일반,한국의 일반 교육과정이나 보편 상식으로 접할 수 있는 문제입니다.,추천
7999,Entertainment: Board Games,Multiple Choice,Medium,"What type is ""Magic Drain"" in Yugioh! Trading Card Game?",loyendayo,유희왕의 '매직드레인'은 어떤 종류인가요! 트레이딩 카드 게임?,전문/마니아,특정 보드게임의 규칙이나 구성요소를 알아야 풀 수 있습니다.,조건부
7998,Entertainment: Japanese Anime & Manga,Multiple Choice,Easy,"In ""One Piece,"" what color is Tony Tony Chopper's nose?",loyendayo,원피스'에서 토니 토니 쵸퍼의 코는 무슨 색인가요?,전문/마니아,특정 애니메이션·만화의 인물이나 세부 내용을 알아야 풀 수 있습니다.,조건부
7996,Entertainment: Books,Multiple Choice,Easy,"This play is generally considered to be the most adaptable of Shakespeare’s works, and follows two “star-crossed lovers”.",IhrFrauen,"셰익스피어 작품 중 가장 많이 각색되었으며, 비극적인 운명에 놓인 두 연인의 이야기를 다룬 희곡은 무엇인가요?",일반,한국에서도 널리 알려진 고전 작품에 관한 문학 상식입니다.,추천
7995,Geography,Multiple Choice,Easy,Which area of Eastern Europe is famous for its association with vampires?,IhrFrauen,뱀파이어와 관련된 것으로 유명한 동유럽 지역은 어디인가요?,일반,한국의 교육과정이나 세계지리 상식으로 접할 수 있는 문제입니다.,추천
7994,Entertainment: Cartoon & Animations,Multiple Choice,Hard,"What was the release date of the first episode of ""The Powerpuff Girls""?",Emerik1995,"""파워퍼프걸"" 첫 번째 에피소드의 출시일은 언제였나요?",전문/마니아,특정 애니메이션·만화의 인물이나 세부 내용을 알아야 풀 수 있습니다.,비추천
7990,Entertainment: Video Games,True / False,Medium,"The first PlayStation console was released in the USA on December 3rd, 1994.",Emerik1995,최초의 PlayStation 콘솔은 1994년 12월 3일 미국에서 출시되었습니다.,전문/마니아,특정 게임의 캐릭터·설정·플레이 지식을 알아야 풀 수 있습니다.,조건부
7988,Science & Nature,True / False,Easy,The Earth and the Moon roughly have the same mass.,SkyZero96,지구와 달은 대략 같은 질량을 가지고 있습니다.,일반,한국의 과학 교육과정이나 보편적인 자연과학 상식입니다.,추천
7987,Science & Nature,True / False,Easy,The shape of the Earth is a perfect sphere.,SkyZero96,지구의 모양은 완벽한 구형이다.,일반,한국의 과학 교육과정이나 보편적인 자연과학 상식입니다.,추천
7986,Science & Nature,True / False,Easy,All planets in the Solar System orbit the Sun.,SkyZero96,태양계의 모든 행성은 태양 주위를 공전합니다.,일반,한국의 과학 교육과정이나 보편적인 자연과학 상식입니다.,추천
7985,Science & Nature,True / False,Easy,The Sun is considered a star.,SkyZero96,태양은 별로 간주됩니다.,일반,한국의 과학 교육과정이나 보편적인 자연과학 상식입니다.,추천
7984,General Knowledge,Multiple Choice,Easy,Which of the three astronauts of the Apollo 11 spaceflight did NOT walk on the moon?,SkyZero96,아폴로 11호 우주 비행사 3명 중 달 위를 걷지 않은 사람은 누구인가요?,일반,한국의 일반 교육과정이나 보편 상식으로 접할 수 있는 문제입니다.,추천
7983,General Knowledge,Multiple Choice,Easy,What is the shortest month of the year?,SkyZero96,일년 중 가장 짧은 달은 무엇인가요?,일반,한국의 일반 교육과정이나 보편 상식으로 접할 수 있는 문제입니다.,추천
7982,General Knowledge,Multiple Choice,Easy,Which country developed the AK-47 assault rifle?,SkyZero96,AK-47 돌격소총을 개발한 나라는 어디일까요?,일반,한국의 일반 교육과정이나 보편 상식으로 접할 수 있는 문제입니다.,추천
7981,General Knowledge,Multiple Choice,Easy,What technology is named after a tenth-century ruler of Denmark and Norway?,SkyZero96,10세기 덴마크와 노르웨이 통치자의 이름을 딴 기술은 무엇인가요?,일반,한국의 일반 교육과정이나 보편 상식으로 접할 수 있는 문제입니다.,추천
7980,Entertainment: Video Games,Multiple Choice,Easy,What company developed the Xbox line of video game consoles?,SkyZero96,Xbox 비디오 게임 콘솔 제품군을 개발한 회사는 어디인가요?,전문/마니아,특정 게임의 캐릭터·설정·플레이 지식을 알아야 풀 수 있습니다.,조건부
7979,Entertainment: Film,Multiple Choice,Easy,Which of these actors have NOT played Spiderman in the movies?,SkyZero96,다음 배우 중 영화에서 스파이더맨 역을 맡아본 적이 없는 사람은 누구인가요?,일반,한국에서도 널리 알려진 작품에 관한 대중문화 상식입니다.,조건부
7978,Sports,Multiple Choice,Medium,Which of these English football clubs is based in Liverpool?,SkyZero96,다음 중 리버풀을 연고로 하는 영국 축구 클럽은 어디인가요?,전문/마니아,특정 종목의 선수·구단·경기 기록을 알아야 풀 수 있습니다.,조건부
7976,General Knowledge,Multiple Choice,Easy,Which of the following nations was NOT a belligerent in World War I?,IhrFrauen,다음 중 제1차 세계 대전에 참전하지 않은 국가는 어디인가요?,일반,한국의 일반 교육과정이나 보편 상식으로 접할 수 있는 문제입니다.,조건부
7974,Vehicles,Multiple Choice,Easy,How many wheels does a unicycle have?,FreeWillin,외발자전거에는 바퀴가 몇 개 있나요?,일반,한국에서도 접할 수 있는 자동차와 교통수단 상식입니다.,추천
7972,Science: Mathematics,Multiple Choice,Hard,Which of these did mathematician Leonhard Euler NOT develop?,LevelUpMax,다음 중 수학자 레온하르트 오일러가 개발하지 않은 것은 무엇인가요?,전문/마니아,고급 수학 개념이나 수학사 지식이 필요한 문제입니다.,비추천
7970,Science: Mathematics,Multiple Choice,Medium,"In a normal distribution, 95% of the data lies within how many standard deviations of the mean?",LevelUpMax,정규분포에서 데이터의 95%는 평균의 표준편차 범위 내에 있습니다?,일반,한국의 학교 수학이나 기초 수학 상식으로 접할 수 있습니다.,추천
7969,Science: Mathematics,Multiple Choice,Medium,Which of these probability distributions is NOT discrete?,LevelUpMax,다음 확률 분포 중 이산형이 아닌 것은 무엇인가요?,전문/마니아,고급 수학 개념이나 수학사 지식이 필요한 문제입니다.,조건부
7968,History,Multiple Choice,Medium,Where was Portuguese explorer Ferdinand Magellan killed in 1521?,SkyZero96,1521년 포르투갈 탐험가 페르디난드 마젤란이 살해된 곳은 어디인가요?,일반,세계사 교육이나 일반 교양으로 접할 수 있는 역사 문제입니다.,추천
7967,History,Multiple Choice,Medium,What was the name of the national hero of the Philippines who inspired and lead the Philippine Revolution against colonial Spain?,SkyZero96,식민지 스페인에 맞서 필리핀 혁명을 일으키고 이끈 필리핀의 국가적 영웅의 이름은 무엇인가요?,일반,세계사 교육이나 일반 교양으로 접할 수 있는 역사 문제입니다.,추천
7966,Entertainment: Music,Multiple Choice,Medium,What is the real name of American rapper Pitbull?,SkyZero96,미국 래퍼 핏불(Pitbull)의 진짜 이름은 무엇인가요?,전문/마니아,특정 가수·밴드·음반의 세부 이력을 알아야 풀 수 있습니다.,조건부
7965,Entertainment: Video Games,Multiple Choice,Easy,"What does the D stand for in D-pad, found on most video game controllers?",SkyZero96,대부분의 비디오 게임 컨트롤러에 있는 D 패드의 D는 무엇을 의미합니까?,전문/마니아,특정 게임의 캐릭터·설정·플레이 지식을 알아야 풀 수 있습니다.,조건부
7963,Entertainment: Music,Multiple Choice,Medium,"Where does ""Gasolina"" rapper Daddy Yankee originate from?",SkyZero96,"""가솔리나"" 래퍼 대디 양키(Daddy Yankee)는 어디 출신인가요?",전문/마니아,특정 가수·밴드·음반의 세부 이력을 알아야 풀 수 있습니다.,조건부
7962,Geography,Multiple Choice,Easy,"Vatican City, the smallest country in the world, is fully enclosed by which country?",SkyZero96,세계에서 가장 작은 나라인 바티칸 시국이 완전히 둘러싸여 있는 국가는 어디일까요?,일반,한국의 교육과정이나 세계지리 상식으로 접할 수 있는 문제입니다.,추천
7961,Entertainment: Music,Multiple Choice,Easy,"Swedish DJ Tim Bergling, who produced songs such as ""Levels"" and ""Wake Me Up"", is better known under what alias?",SkyZero96,"""Levels"", ""Wake Me Up"" 등의 곡을 프로듀싱한 스웨덴 DJ Tim Bergling은 어떤 별칭으로 더 잘 알려져 있나요?",전문/마니아,특정 가수·밴드·음반의 세부 이력을 알아야 풀 수 있습니다.,조건부
7960,Entertainment: Music,Multiple Choice,Easy,"What is the real name of American rapper Eminem, also known as Slim Shady?",SkyZero96,Slim Shady라고도 알려진 미국 래퍼 Eminem의 실제 이름은 무엇인가요?,전문/마니아,특정 가수·밴드·음반의 세부 이력을 알아야 풀 수 있습니다.,조건부
7959,General Knowledge,Multiple Choice,Medium,"""Gum arabic"" is a natural gum consisting of the hardened sap of which tree species?",SkyZero96,"""아라비아검""은 어떤 나무종의 수액을 굳혀서 만든 천연검인가요?",일반,한국의 일반 교육과정이나 보편 상식으로 접할 수 있는 문제입니다.,추천
7958,Entertainment: Board Games,Multiple Choice,Easy,Which of these board games do NOT utilize standard 6-sided dice?,SkyZero96,다음 보드 게임 중 표준 6면 주사위를 활용하지 않는 것은 무엇인가요?,전문/마니아,특정 보드게임의 규칙이나 구성요소를 알아야 풀 수 있습니다.,조건부
7957,General Knowledge,Multiple Choice,Easy,How many cards are there in a standard deck of playing cards?,SkyZero96,표준 카드 덱에는 몇 개의 카드가 있습니까?,일반,한국의 일반 교육과정이나 보편 상식으로 접할 수 있는 문제입니다.,추천
7956,Geography,Multiple Choice,Easy,In which Indian city can the Taj Mahal be found?,SkyZero96,타지마할을 찾을 수 있는 인도 도시는 어디인가요?,일반,한국의 교육과정이나 세계지리 상식으로 접할 수 있는 문제입니다.,추천
7955,General Knowledge,Multiple Choice,Easy,In which cardinal direction does the Sun rise from?,SkyZero96,태양은 어느 기본 방향에서 떠오르나요?,일반,한국의 일반 교육과정이나 보편 상식으로 접할 수 있는 문제입니다.,추천
7954,Entertainment: Books,Multiple Choice,Easy,American illustrator and writer Maurice Sendak is most well-known for writing which children's book?,SkyZero96,미국의 일러스트레이터이자 작가인 Maurice Sendak은 어떤 동화책을 쓴 것으로 가장 잘 알려져 있습니까?,전문/마니아,특정 문학·공연 작품의 작가나 세부 내용을 알아야 풀 수 있습니다.,조건부
7953,Geography,True / False,Easy,Bosnia and Herzegovina is a country located in the Baltic region in Europe.,SkyZero96,보스니아 헤르체고비나는 유럽의 발트해 지역에 위치한 국가입니다.,일반,한국의 교육과정이나 세계지리 상식으로 접할 수 있는 문제입니다.,추천
7952,General Knowledge,Multiple Choice,Easy,Which type of cutlery is most suited for eating soup?,SkyZero96,수프를 먹을 때 가장 적합한 식기는 무엇인가요?,일반,한국의 일반 교육과정이나 보편 상식으로 접할 수 있는 문제입니다.,추천
7951,General Knowledge,Multiple Choice,Easy,"The American company ""Campbell's"" is most well known for making what food product?",SkyZero96,"미국 회사인 ""Campbell's""는 어떤 식품을 만드는 것으로 가장 잘 알려져 있습니까?",해외특화,특정 외국의 생활문화 경험이 있어야 유리한 문제입니다.,조건부
7947,Entertainment: Video Games,Multiple Choice,Easy,M.U.G.E.N. is the name for what type of Game Engine?,BoysOurBoy,M.U.G.E.N. 어떤 유형의 게임 엔진에 대한 이름입니까?,전문/마니아,특정 게임의 캐릭터·설정·플레이 지식을 알아야 풀 수 있습니다.,조건부
7946,General Knowledge,Multiple Choice,Easy,How many fingers does a single human hand have?,SkyZero96,인간의 손 하나에는 손가락이 몇 개 있습니까?,일반,한국의 일반 교육과정이나 보편 상식으로 접할 수 있는 문제입니다.,추천
7943,Science: Mathematics,Multiple Choice,Easy,How many degrees make a full circle?,SkyZero96,완전한 원은 몇 도입니까?,일반,한국의 학교 수학이나 기초 수학 상식으로 접할 수 있습니다.,추천
7942,General Knowledge,True / False,Easy,Water is naturally coloured blue.,SkyZero96,물은 자연적으로 파란색을 띤다.,일반,한국의 일반 교육과정이나 보편 상식으로 접할 수 있는 문제입니다.,추천
7941,General Knowledge,Multiple Choice,Easy,How many letters are in the English alphabet?,SkyZero96,영어 알파벳에는 몇 개의 글자가 있습니까?,일반,한국의 일반 교육과정이나 보편 상식으로 접할 수 있는 문제입니다.,추천
7940,Entertainment: Music,Multiple Choice,Medium,"The 2023 Beatles song ""Now and Then"" originated from an unfinished demo recorded by which Beatle?",SkyZero96,"2023년 비틀즈의 노래 ""Now and Then""은 비틀즈가 녹음한 미완성 데모에서 유래되었습니다?",전문/마니아,특정 가수·밴드·음반의 세부 이력을 알아야 풀 수 있습니다.,조건부
7939,Sports,Multiple Choice,Easy,The UEFA Champions League is an annual club football competition featuring clubs from which continent?,SkyZero96,UEFA 챔피언스 리그는 어느 대륙의 클럽이 참가하는 연례 클럽 축구 대회입니까?,전문/마니아,특정 종목의 선수·구단·경기 기록을 알아야 풀 수 있습니다.,조건부
7938,Geography,Multiple Choice,Easy,What is the largest hot desert in the world?,SkyZero96,세계에서 가장 큰 뜨거운 사막은 무엇인가요?,일반,한국의 교육과정이나 세계지리 상식으로 접할 수 있는 문제입니다.,추천
7937,General Knowledge,True / False,Medium,Only a small percentage of the world's population is lactose intolerant.,SkyZero96,세계 인구의 극히 일부만이 유당 불내증을 갖고 있습니다.,일반,한국의 일반 교육과정이나 보편 상식으로 접할 수 있는 문제입니다.,추천
7936,General Knowledge,Multiple Choice,Easy,The Quran is the holy book of which Abrahamic religion?,SkyZero96,꾸란은 어느 아브라함 종교의 성서입니까?,일반,한국의 일반 교육과정이나 보편 상식으로 접할 수 있는 문제입니다.,추천
7935,Science & Nature,Multiple Choice,Easy,How many planets are there in the Solar System?,SkyZero96,태양계에는 몇 개의 행성이 있습니까?,일반,한국의 과학 교육과정이나 보편적인 자연과학 상식입니다.,추천
7934,Geography,Multiple Choice,Easy,What is the name of the ocean that Hawaii is located in?,SkyZero96,하와이가 위치한 바다의 이름은 무엇인가요?,일반,한국의 교육과정이나 세계지리 상식으로 접할 수 있는 문제입니다.,추천
7933,General Knowledge,True / False,Easy,The disease cancer in itself is not contagious.,SkyZero96,질병 암 자체는 전염성이 없습니다.,일반,한국의 일반 교육과정이나 보편 상식으로 접할 수 있는 문제입니다.,추천
7932,Science & Nature,Multiple Choice,Easy,How many moons does the Earth have?,SkyZero96,지구에는 몇 개의 달이 있나요?,일반,한국의 과학 교육과정이나 보편적인 자연과학 상식입니다.,추천
7931,General Knowledge,True / False,Easy,The CEO of tech company Apple following Steve Jobs is named Tim Apple.,SkyZero96,스티브 잡스의 뒤를 잇는 기술 기업 애플의 CEO는 팀 애플(Tim Apple)이다.,일반,한국의 일반 교육과정이나 보편 상식으로 접할 수 있는 문제입니다.,추천
7930,Geography,True / False,Easy,Africa is a country.,SkyZero96,아프리카는 나라입니다.,일반,한국의 교육과정이나 세계지리 상식으로 접할 수 있는 문제입니다.,추천
7929,General Knowledge,Multiple Choice,Easy,Antibiotics are generally taken to combat what?,SkyZero96,항생제는 일반적으로 무엇을 퇴치하기 위해 사용됩니까?,일반,한국의 일반 교육과정이나 보편 상식으로 접할 수 있는 문제입니다.,추천
7928,Geography,True / False,Easy,"Washington, D.C. is considered a US state.",SkyZero96,워싱턴 D.C.는 미국의 주로 간주됩니다.,해외특화,특정 외국의 지방 행정구역에 관한 현지 중심 지식입니다.,조건부
7927,Science & Nature,Multiple Choice,Easy,About what percentage of the Earth's surface is water?,SkyZero96,지구 표면의 몇 퍼센트 정도가 물인가요?,일반,한국의 과학 교육과정이나 보편적인 자연과학 상식입니다.,추천
7925,General Knowledge,Multiple Choice,Easy,"According to the Book of Genesis in the Old Testament, how many days did it take God to create the world?",SkyZero96,"구약성서 창세기에 따르면, 하나님께서 세상을 창조하는 데 며칠이 걸렸습니까?",일반,한국의 일반 교육과정이나 보편 상식으로 접할 수 있는 문제입니다.,추천
7924,General Knowledge,Multiple Choice,Easy,What country does sushi & karaoke come from?,SkyZero96,스시와 노래방은 어느 나라에서 왔나요?,일반,한국의 일반 교육과정이나 보편 상식으로 접할 수 있는 문제입니다.,추천
7923,Geography,Multiple Choice,Medium,"Eritrea, which became the 182nd member of the UN in 1993, is in the continent of?",SkyZero96,1993년 182번째 유엔 회원국이 된 에리트레아는?,일반,한국의 교육과정이나 세계지리 상식으로 접할 수 있는 문제입니다.,추천
7922,Entertainment: Cartoon & Animations,Multiple Choice,Easy,"Who voiced the Genie in Disney's ""Aladdin""?",SkyZero96,디즈니 영화 '알라딘'에서 지니의 목소리를 맡은 사람은 누구인가요?,전문/마니아,특정 애니메이션·만화의 인물이나 세부 내용을 알아야 풀 수 있습니다.,조건부
7921,Entertainment: Television,Multiple Choice,Easy,"What TV show featured older women named Blanche, Rose, Dorothy and Sophia?",SkyZero96,"블랑쉬, 로즈, 도로시, 소피아라는 나이든 여성이 출연한 TV 프로그램은 무엇인가요?",전문/마니아,특정 영화·방송 작품의 인물이나 세부 내용을 알아야 풀 수 있습니다.,조건부
7920,General Knowledge,Multiple Choice,Easy,What is the name of the poker hand containing three of a kind and a pair?,SkyZero96,트리플과 원 페어로 이루어진 포커 족보는 무엇인가요?,일반,한국의 일반 교육과정이나 보편 상식으로 접할 수 있는 문제입니다.,추천
7917,General Knowledge,Multiple Choice,Easy,How many syllables make up a haiku?,SkyZero96,하이쿠는 몇 음절로 구성되나요?,일반,한국의 일반 교육과정이나 보편 상식으로 접할 수 있는 문제입니다.,추천
7916,General Knowledge,Multiple Choice,Easy,"What country has had prime ministers named Eden, Major, Peel, Law, Brown and Heath?",SkyZero96,"Eden, Major, Peel, Law, Brown 및 Heath라는 총리가 있었던 나라는 어디인가요?",일반,한국의 일반 교육과정이나 보편 상식으로 접할 수 있는 문제입니다.,추천
7915,Entertainment: Books,Multiple Choice,Easy,"Who wrote ""The Scarlet Letter"", published in 1850?",SkyZero96,"1850년에 출판된 ""주홍글씨""를 쓴 사람은 누구인가요?",전문/마니아,특정 문학·공연 작품의 작가나 세부 내용을 알아야 풀 수 있습니다.,조건부
7914,General Knowledge,Multiple Choice,Easy,"In ""Shrek"", what comedic actor voices Donkey?",SkyZero96,"""슈렉""에서 당나귀의 목소리를 맡은 코미디 배우는 누구인가요?",전문/마니아,특정 콘텐츠의 캐릭터나 세부 설정을 알아야 풀 수 있습니다.,조건부
7913,History,Multiple Choice,Medium,Who was the first wife of King Henry VIII?,SkyZero96,헨리 8세의 첫 번째 부인은 누구인가요?,일반,세계사 교육이나 일반 교양으로 접할 수 있는 역사 문제입니다.,추천
7912,Entertainment: Music,Multiple Choice,Easy,"What band featured Sting, Stewart Copeland and Andy Summers?",SkyZero96,"Sting, Stewart Copeland, Andy Summers가 출연한 밴드는 무엇인가요?",전문/마니아,특정 가수·밴드·음반의 세부 이력을 알아야 풀 수 있습니다.,조건부
7911,Entertainment: Film,Multiple Choice,Easy,"What superhero has been played in film by actors Michael Keaton, Val Kilmer, George Clooney and Christian Bale?",SkyZero96,"배우 Michael Keaton, Val Kilmer, George Clooney 및 Christian Bale이 영화에서 어떤 슈퍼 히어로를 연기했습니까?",전문/마니아,특정 영화·방송 작품의 인물이나 세부 내용을 알아야 풀 수 있습니다.,조건부
7910,Entertainment: Comics,Multiple Choice,Easy,Which planet did Superman come from?,SkyZero96,슈퍼맨은 어느 행성에서 왔나요?,일반,한국에서도 널리 알려진 작품에 관한 대중문화 상식입니다.,추천
7909,Sports,Multiple Choice,Medium,In what country were the 2014 Winter Olympics held in the town of Sochi?,SkyZero96,2014년 소치 동계 올림픽은 어느 나라에서 열렸습니까?,일반,올림픽이나 국제대회에서 접할 수 있는 보편적인 스포츠 상식입니다.,추천
7908,General Knowledge,Multiple Choice,Medium,Which month is Black History Month in the US?,SkyZero96,미국 흑인 역사의 달은 몇 월입니까?,해외특화,특정 외국의 생활문화 경험이 있어야 유리한 문제입니다.,비추천
7907,Science & Nature,Multiple Choice,Medium,What part of the body produces insulin?,SkyZero96,인슐린을 생산하는 신체 부위는 어디인가요?,일반,한국의 과학 교육과정이나 보편적인 자연과학 상식입니다.,추천
7906,Sports,Multiple Choice,Easy,"What is the name of the ""tool"" used to hit the white ball in snooker or billiards?",SkyZero96,"스누커나 당구에서 흰 공을 치는 데 사용하는 ""도구""의 이름은 무엇인가요?",전문/마니아,특정 종목의 선수·구단·경기 기록을 알아야 풀 수 있습니다.,조건부
7905,Science & Nature,Multiple Choice,Hard,What is the standard SI unit for luminous intensity?,SkyZero96,광도의 표준 SI 단위는 무엇인가요?,전문/마니아,고급 과학 개념이나 전문 용어를 알아야 풀 수 있습니다.,비추천
7904,Science & Nature,Multiple Choice,Medium,What is the standard SI unit for electric current?,SkyZero96,전류의 표준 SI 단위는 무엇인가요?,일반,한국의 과학 교육과정이나 보편적인 자연과학 상식입니다.,추천
7903,Science & Nature,Multiple Choice,Easy,What is the standard SI unit for mass?,SkyZero96,질량의 표준 SI 단위는 무엇인가요?,일반,한국의 과학 교육과정이나 보편적인 자연과학 상식입니다.,추천
7902,Science & Nature,Multiple Choice,Easy,What is the standard SI unit for time?,SkyZero96,시간의 표준 SI 단위는 무엇인가요?,일반,한국의 과학 교육과정이나 보편적인 자연과학 상식입니다.,추천
7901,Science & Nature,Multiple Choice,Easy,What is the standard SI unit for distance?,SkyZero96,거리의 표준 SI 단위는 무엇인가요?,일반,한국의 과학 교육과정이나 보편적인 자연과학 상식입니다.,추천
7900,Entertainment: Cartoon & Animations,Multiple Choice,Easy,Who is Winnie the Pooh's gloomy donkey friend?,SkyZero96,곰돌이 푸의 우울한 당나귀 친구는 누구일까요?,전문/마니아,특정 애니메이션·만화의 인물이나 세부 내용을 알아야 풀 수 있습니다.,조건부
7899,General Knowledge,Multiple Choice,Easy,What is the currency of India and Pakistan as well as a few other Asian countries?,SkyZero96,인도와 파키스탄 및 기타 아시아 국가의 통화는 무엇인가요?,일반,한국의 일반 교육과정이나 보편 상식으로 접할 수 있는 문제입니다.,추천
7898,Geography,Multiple Choice,Easy,How many US states start with the letter K?,SkyZero96,미국의 주 중 문자 K로 시작하는 주는 몇 개인가요?,일반,한국의 교육과정이나 세계지리 상식으로 접할 수 있는 문제입니다.,추천
7897,Sports,Multiple Choice,Easy,"What sport features the terms love, deuce, match and volley?",SkyZero96,"러브(love), 듀스(deuce), 매치(match), 발리(volley)라는 용어를 사용하는 스포츠는 무엇인가요?",전문/마니아,특정 종목의 선수·구단·경기 기록을 알아야 풀 수 있습니다.,조건부
7896,Geography,Multiple Choice,Easy,Which country features a maple leaf on its flag?,SkyZero96,국기에 단풍잎이 있는 나라는 어디일까요?,일반,한국의 교육과정이나 세계지리 상식으로 접할 수 있는 문제입니다.,추천
7895,Entertainment: Cartoon & Animations,Multiple Choice,Easy,What type of animal is Disney's Bambi?,SkyZero96,디즈니의 밤비는 어떤 동물인가요?,일반,한국에서도 널리 알려진 작품에 관한 대중문화 상식입니다.,추천
7889,Mythology,Multiple Choice,Medium,"In Norse Mythology, what is the name of the symbol commonly referred to as the ""Tree of Life""?",StrandedFox,북유럽 신화에서 흔히 '생명의 나무'라고 불리는 상징의 이름은 무엇인가요?,전문/마니아,특정 신화의 인물과 세부 서사를 알아야 풀 수 있습니다.,조건부
7886,Science: Computers,Multiple Choice,Easy,"In networking, what does OSPF stand for?",eyb0ss,네트워킹에서 OSPF는 무엇을 의미합니까?,전문/마니아,컴퓨터 구조·소프트웨어에 관한 기술 지식이 필요한 문제입니다.,조건부
7883,Entertainment: Video Games,Multiple Choice,Medium,What was the name of the device used by Scarecrow in Batman: Arkham Knight to cover Gotham in fear gas?,nate34,배트맨: 아캄 나이트에서 허수아비가 고담시를 공포 가스로 덮기 위해 사용한 장치의 이름은 무엇인가요?,전문/마니아,특정 게임의 캐릭터·설정·플레이 지식을 알아야 풀 수 있습니다.,조건부
7880,Entertainment: Video Games,Multiple Choice,Easy,"Who made the video game, ""Bendy and the Ink Machine""?",LittleDevilDarlin,"비디오 게임 ""벤디와 잉크 기계""를 만든 사람은 누구인가요?",전문/마니아,특정 게임의 캐릭터·설정·플레이 지식을 알아야 풀 수 있습니다.,조건부
7878,Entertainment: Video Games,Multiple Choice,Medium,Who is the main antagonist of Silent Hill 4?,LittleDevilDarlin,사일런트 힐 4의 주요 적대자는 누구인가요?,전문/마니아,특정 게임의 캐릭터·설정·플레이 지식을 알아야 풀 수 있습니다.,조건부
7876,Entertainment: Video Games,Multiple Choice,Medium,"In ""Super Mario World 2: Yoshi's Island"", which of these colors is NOT represented by a Yoshi?",lordfreezeflame,"""슈퍼 마리오 월드 2: 요시의 섬""에서 다음 중 요시가 표현되지 않는 색상은 무엇인가요?",전문/마니아,특정 게임의 캐릭터·설정·플레이 지식을 알아야 풀 수 있습니다.,조건부
7875,Entertainment: Books,Multiple Choice,Medium,"Where does Stephen King's ""IT"" take place?",Notepony,스티븐 킹의 'IT'는 어디에서 진행되나요?,전문/마니아,특정 문학·공연 작품의 작가나 세부 내용을 알아야 풀 수 있습니다.,조건부
7874,Entertainment: Video Games,Multiple Choice,Medium,Who's the Captain of the S.T.A.R.S. Bravo Team in Resident Evil 1?,Notepony,S.T.A.R.S.의 선장은 누구인가요? 레지던트 이블 1의 브라보 팀?,전문/마니아,특정 게임의 캐릭터·설정·플레이 지식을 알아야 풀 수 있습니다.,조건부
7873,Geography,Multiple Choice,Medium,What is the capital city of the U.S. state of Texas?,SkyZero96,미국 텍사스 주의 주도는 무엇인가요?,해외특화,특정 외국의 지방 행정구역에 관한 현지 중심 지식입니다.,비추천
7872,General Knowledge,Multiple Choice,Medium,"In what year did Halley's Comet, which will not appear again until the year 2061, previously approach Earth?",SkyZero96,2061년까지 다시 나타나지 않을 핼리 혜성이 이전에 지구에 접근한 해는 몇 년입니까?,일반,한국의 일반 교육과정이나 보편 상식으로 접할 수 있는 문제입니다.,추천
7870,General Knowledge,Multiple Choice,Easy,What does the F stand for in the FBI?,SkyZero96,FBI에서 F는 무엇을 뜻하나요?,일반,한국의 일반 교육과정이나 보편 상식으로 접할 수 있는 문제입니다.,추천
7869,Science & Nature,Multiple Choice,Medium,Which Swiss psychologist is synonymous with the concepts of introvert and extrovert personalities?,SkyZero96,내향적인 성격과 외향적인 성격 개념의 동의어인 스위스 심리학자는 누구인가요?,일반,한국의 과학 교육과정이나 보편적인 자연과학 상식입니다.,추천
7868,Geography,Multiple Choice,Easy,"Which US state is nicknamed ""The Golden State""?",SkyZero96,"미국의 어느 주가 ""황금의 주""라는 별명을 갖고 있나요?",해외특화,특정 외국의 지방 행정구역에 관한 현지 중심 지식입니다.,조건부
7867,Science & Nature,Multiple Choice,Medium,Which of the following is the male pollen-producing reproductive part of a flower?,SkyZero96,다음 중 꽃의 수컷 꽃가루를 생성하는 생식 부분은 무엇인가요?,일반,한국의 과학 교육과정이나 보편적인 자연과학 상식입니다.,조건부
7866,General Knowledge,Multiple Choice,Hard,"""Nephelococcygia"" is the practice of doing what?",SkyZero96,"""신장구균증""은 무엇을 하는 행위입니까?",일반,한국의 일반 교육과정이나 보편 상식으로 접할 수 있는 문제입니다.,조건부
7864,Entertainment: Books,Multiple Choice,Medium,"In the children's book series, where is Paddington Bear originally from?",SkyZero96,동화책 시리즈에서 패딩턴 베어는 원래 어디에서 왔나요?,전문/마니아,특정 문학·공연 작품의 작가나 세부 내용을 알아야 풀 수 있습니다.,조건부
7863,Sports,Multiple Choice,Easy,How many players are there in an association football/soccer team?,SkyZero96,협회 축구/축구팀에는 몇 명의 선수가 있나요?,일반,올림픽이나 국제대회에서 접할 수 있는 보편적인 스포츠 상식입니다.,추천
7862,Entertainment: Board Games,Multiple Choice,Hard,Which of these cities is NOT featured in the Pandemic board game?,SkyZero96,다음 중 Pandemic 보드 게임에 등장하지 않는 도시는 어디인가요?,전문/마니아,특정 보드게임의 규칙이나 구성요소를 알아야 풀 수 있습니다.,비추천
7861,Entertainment: Music,Multiple Choice,Hard,Who was the previous drummer of blink-182 before Travis Barker?,SkyZero96,Travis Barker 이전에 Blink-182의 드러머를 맡았던 사람은 누구인가요?,전문/마니아,특정 가수·밴드·음반의 세부 이력을 알아야 풀 수 있습니다.,비추천
7860,Entertainment: Music,Multiple Choice,Hard,"The song ""Old Town Road"" by American rapper Lil Nas X samples the song ""34 Ghosts IV"" by which band?",SkyZero96,"미국 래퍼 Lil Nas X의 ""Old Town Road""는 어느 밴드의 ""34 Ghosts IV""를 샘플링한 것인가요?",전문/마니아,특정 가수·밴드·음반의 세부 이력을 알아야 풀 수 있습니다.,비추천
7859,Entertainment: Video Games,Multiple Choice,Hard,"What video game company developed the 2004 racing game ""Burnout 3: Takedown""?",SkyZero96,"2004년 레이싱 게임 ""번아웃 3: 테이크다운""을 개발한 비디오 게임 회사는 어디인가요?",전문/마니아,특정 게임의 캐릭터·설정·플레이 지식을 알아야 풀 수 있습니다.,비추천
7855,Science: Computers,Multiple Choice,Medium,"Originally used in PCM adapters, what frequency is the standard for sampling audio in the Compact Disc Digital Audio format?",Dreizhen,원래 PCM 어댑터에 사용되었지만 컴팩트 디스크 디지털 오디오 형식의 오디오 샘플링 표준은 무엇인가요?,전문/마니아,컴퓨터 구조·소프트웨어에 관한 기술 지식이 필요한 문제입니다.,조건부
7852,General Knowledge,Multiple Choice,Easy,Which of these is NOT considered to be a colour that makes up the rainbow?,SkyZero96,다음 중 무지개를 구성하는 색상으로 간주되지 않는 것은 무엇인가요?,일반,한국의 일반 교육과정이나 보편 상식으로 접할 수 있는 문제입니다.,조건부
7851,Geography,Multiple Choice,Medium,Which of these Mediterranian islands is under the sovereign rule of France?,SkyZero96,다음 중 프랑스의 주권 아래 있는 지중해 섬은 어디인가요?,일반,한국의 교육과정이나 세계지리 상식으로 접할 수 있는 문제입니다.,조건부
7850,General Knowledge,Multiple Choice,Medium,Death Valley's Badwater Basin is North America's point of lowest elevation at how many feet below sea level?,SkyZero96,데스 밸리의 배드워터 분지(Badwater Basin)는 북미에서 해발 몇 피트 아래 가장 낮은 고도입니까?,해외특화,특정 외국의 생활문화 경험이 있어야 유리한 문제입니다.,비추천
7849,Entertainment: Video Games,Multiple Choice,Easy,"The games Cry of Fear, Natural Selection and Counter-Strike were originally mods for what video game?",SkyZero96,"Cry of Fear, Natural Selection 및 Counter-Strike 게임은 원래 어떤 비디오 게임의 모드였습니까?",전문/마니아,특정 게임의 캐릭터·설정·플레이 지식을 알아야 풀 수 있습니다.,조건부
7847,Science: Gadgets,Multiple Choice,Medium,Which company manufactured the iconic TR-808 drum machine?,SkyZero96,상징적인 TR-808 드럼 머신을 제조한 회사는 어디인가요?,전문/마니아,특정 기기 모델이나 기술 이력을 알아야 풀 수 있습니다.,조건부
7846,Entertainment: Music,Multiple Choice,Easy,Which of these is NOT considered a woodwind instrument?,SkyZero96,다음 중 목관 악기로 간주되지 않는 것은 무엇인가요?,전문/마니아,특정 가수·밴드·음반의 세부 이력을 알아야 풀 수 있습니다.,조건부
7845,Entertainment: Television,Multiple Choice,Medium,Who composed the theme song for The Simpsons?,SkyZero96,심슨 가족의 주제곡을 작곡한 사람은 누구인가요?,전문/마니아,특정 영화·방송 작품의 인물이나 세부 내용을 알아야 풀 수 있습니다.,조건부
7844,Science & Nature,True / False,Medium,Enthalpy is a measure of the energy that is not available for work during a thermodynamic process.,SkyZero96,엔탈피는 열역학적 과정 중에 작업에 사용할 수 없는 에너지를 측정한 것입니다.,일반,한국의 과학 교육과정이나 보편적인 자연과학 상식입니다.,추천
7843,Science & Nature,Multiple Choice,Easy,How many laws of thermodynamics are there?,SkyZero96,열역학 법칙은 몇 개나 있나요?,일반,한국의 과학 교육과정이나 보편적인 자연과학 상식입니다.,추천
7842,Politics,Multiple Choice,Hard,Which US state was the first to allow women to vote in 1869?,ITheWarden,1869년에 미국에서 최초로 여성 투표를 허용한 주는 어디인가요?,해외특화,특정 외국의 지방 행정구역에 관한 현지 중심 지식입니다.,비추천
7841,Science & Nature,Multiple Choice,Easy,What is the largest planet in the Solar System?,SkyZero96,태양계에서 가장 큰 행성은 무엇인가요?,일반,한국의 과학 교육과정이나 보편적인 자연과학 상식입니다.,추천
7839,Entertainment: Film,Multiple Choice,Easy,Which James Bond film had the theme song written and performed by English singer-songwriter Adele?,SkyZero96,영국의 싱어송라이터 아델(Adele)이 주제가를 작곡하고 연주한 제임스 본드 영화는 무엇인가요?,전문/마니아,특정 영화·방송 작품의 인물이나 세부 내용을 알아야 풀 수 있습니다.,조건부
7838,Entertainment: Film,Multiple Choice,Easy,"Which of these actors does NOT appear in the 1998 movie ""Saving Private Ryan""?",SkyZero96,"다음 중 1998년 영화 ""라이언 일병 구하기""에 출연하지 않은 배우는 누구인가요?",전문/마니아,특정 영화·방송 작품의 인물이나 세부 내용을 알아야 풀 수 있습니다.,조건부
7837,Geography,Multiple Choice,Easy,"What is the largest country, by area, that has only one time zone?",SkyZero96,"시간대가 하나만 있는, 지역별로 가장 큰 국가는 어디인가요?",일반,한국의 교육과정이나 세계지리 상식으로 접할 수 있는 문제입니다.,추천
7836,Entertainment: Video Games,Multiple Choice,Medium,Which of these is NOT the name of a playable map in PUBG: Battlegrounds?,SkyZero96,다음 중 PUBG: Battlegrounds에서 플레이 가능한 지도의 이름이 아닌 것은 무엇인가요?,전문/마니아,특정 게임의 캐릭터·설정·플레이 지식을 알아야 풀 수 있습니다.,조건부
7834,General Knowledge,Multiple Choice,Easy,Which of these fast-food chains is NOT mainly known to sell pizza?,SkyZero96,다음 패스트푸드 체인점 중 주로 피자를 판매하는 것으로 알려져 있지 않은 것은 무엇인가요?,일반,한국의 일반 교육과정이나 보편 상식으로 접할 수 있는 문제입니다.,조건부
7826,Entertainment: Video Games,True / False,Easy,"In Dead Space 2, the 'Hand Cannon' is a large foam finger.",BaconHazard,데드 스페이스 2에서 '핸드 캐논'은 커다란 폼 핑거입니다.,전문/마니아,특정 게임의 캐릭터·설정·플레이 지식을 알아야 풀 수 있습니다.,조건부
7825,Animals,True / False,Easy,Zebras are white with black stripes.,BaconHazard,얼룩말은 흰색 바탕에 검은색 줄무늬가 있습니다.,일반,대중매체나 생물 교육에서 접할 수 있는 동물 상식입니다.,추천
7823,Entertainment: Film,Multiple Choice,Easy,Who played Thanos in Avengers: Infinity War and Avengers: End Game?,BaconHazard,어벤져스: 인피니티 워와 어벤져스: 엔드 게임에서 타노스를 연기한 사람은 누구인가요?,전문/마니아,특정 영화·방송 작품의 인물이나 세부 내용을 알아야 풀 수 있습니다.,조건부
7822,Entertainment: Video Games,Multiple Choice,Medium,"In Minecraft, how many items can a single piece of coal smelt when used in a furnace?",BaconHazard,Minecraft에서 화로에 석탄 한 조각을 사용하면 몇 개의 아이템을 제련할 수 있나요?,전문/마니아,특정 게임의 캐릭터·설정·플레이 지식을 알아야 풀 수 있습니다.,조건부
7819,General Knowledge,Multiple Choice,Easy,"In the English language, what is the name of the ""&"" character?",ITheWarden,"영어에서 ""&"" 문자의 이름은 무엇인가요?",일반,한국의 일반 교육과정이나 보편 상식으로 접할 수 있는 문제입니다.,추천
7818,Science & Nature,Multiple Choice,Easy,What is the hottest planet in the solar system,azrules,태양계에서 가장 뜨거운 행성은 무엇인가요?,일반,한국의 과학 교육과정이나 보편적인 자연과학 상식입니다.,추천
7817,Science: Mathematics,Multiple Choice,Medium,What is the derivative of sin(x),MetalGearToaster,sin(x)의 도함수는 무엇인가요?,전문/마니아,고급 수학 개념이나 수학사 지식이 필요한 문제입니다.,조건부
7816,History,Multiple Choice,Medium,What is the name given to the series of confrontations between the UK and Iceland over North Atlantic fishing rights?,SkyZero96,북대서양 어업권을 둘러싸고 영국과 아이슬란드 사이에 벌어진 일련의 대결에 붙은 이름은 무엇인가요?,일반,세계사 교육이나 일반 교양으로 접할 수 있는 역사 문제입니다.,추천
7815,History,Multiple Choice,Medium,What is the name of the famous Apache leader who died in 1909 at the age of 70?,SkyZero96,1909년 70세의 나이로 사망한 유명한 아파치 지도자의 이름은 무엇인가요?,일반,세계사 교육이나 일반 교양으로 접할 수 있는 역사 문제입니다.,추천
7814,History,Multiple Choice,Easy,Who was the first American in space?,SkyZero96,우주에 간 최초의 미국인은 누구인가요?,일반,세계사 교육이나 일반 교양으로 접할 수 있는 역사 문제입니다.,추천
7813,Science & Nature,Multiple Choice,Easy,Who discovered the Law of Gravity?,SkyZero96,중력의 법칙을 발견한 사람은 누구인가요?,일반,한국의 과학 교육과정이나 보편적인 자연과학 상식입니다.,추천
7812,Entertainment: Video Games,Multiple Choice,Medium,"Who is the creator of the free, open-source rhythm game 'osu!'?",SkyZero96,무료 오픈소스 리듬게임 'osu!'의 제작자는 누구인가요?,전문/마니아,특정 게임의 캐릭터·설정·플레이 지식을 알아야 풀 수 있습니다.,조건부
7811,Entertainment: Film,Multiple Choice,Medium,"How much money did the 2019 Marvel movie ""Avengers: Endgame"" gross for it's record-breaking worldwide opening weekend?",SkyZero96,2019년 마블 영화 '어벤져스: 엔드게임'이 기록적인 전 세계 개봉 주말 동안 벌어들인 수익은 얼마입니까?,전문/마니아,특정 영화·방송 작품의 인물이나 세부 내용을 알아야 풀 수 있습니다.,조건부
7810,General Knowledge,Multiple Choice,Easy,Which of these holidays is NOT usually celebrated in the month of December?,SkyZero96,다음 중 일반적으로 12월에 기념되지 않는 공휴일은 무엇인가요?,일반,한국의 일반 교육과정이나 보편 상식으로 접할 수 있는 문제입니다.,조건부
7808,Entertainment: Video Games,Multiple Choice,Easy,What is the name of the playable character in the 2018 video game Deltarune: Chapter 1?,SkyZero96,2018년 비디오 게임 Deltarune: Chapter 1에서 플레이 가능한 캐릭터의 이름은 무엇인가요?,전문/마니아,특정 게임의 캐릭터·설정·플레이 지식을 알아야 풀 수 있습니다.,조건부
7807,History,Multiple Choice,Hard,What Southeast Asian country was formerly known as 'Lan Xang'?,SkyZero96,이전에 'Lan Xang'으로 알려졌던 동남아시아 국가는 어디인가요?,일반,세계사 교육이나 일반 교양으로 접할 수 있는 역사 문제입니다.,조건부
7806,General Knowledge,Multiple Choice,Medium,In which country was the 1992 Summer Olympics Games held?,SkyZero96,1992년 하계 올림픽은 어느 나라에서 열렸습니까?,일반,한국의 일반 교육과정이나 보편 상식으로 접할 수 있는 문제입니다.,추천
7805,Geography,Multiple Choice,Medium,What is the capital of Vietnam?,SkyZero96,베트남의 수도는 무엇인가요?,일반,한국의 교육과정이나 세계지리 상식으로 접할 수 있는 문제입니다.,추천
7804,Entertainment: Cartoon & Animations,Multiple Choice,Easy,What is the name of the city that The Flintstones is based in?,SkyZero96,Flintstones가 위치한 도시의 이름은 무엇인가요?,전문/마니아,특정 애니메이션·만화의 인물이나 세부 내용을 알아야 풀 수 있습니다.,조건부
7803,Sports,Multiple Choice,Hard,Which of these European cities was the first to host the modern Summer Olympic Games three times?,SkyZero96,다음 유럽 도시 중 최초로 현대 하계 올림픽을 세 번 개최한 도시는 어디인가요?,전문/마니아,특정 종목의 선수·구단·경기 기록을 알아야 풀 수 있습니다.,비추천
7802,Sports,Multiple Choice,Medium,Who was the first footballer to score 200 goals in the English Premier League?,SkyZero96,잉글랜드 프리미어리그에서 200골을 넣은 최초의 축구 선수는 누구인가요?,전문/마니아,특정 종목의 선수·구단·경기 기록을 알아야 풀 수 있습니다.,조건부
7801,Entertainment: Video Games,True / False,Easy,"In ""Tony Hawk's Underground"", the main character's friend turned rival is named ""Jeff Sampson""",Tsuyu,"""토니 호크의 언더그라운드""에서 주인공의 친구가 라이벌이 된 이름은 ""제프 샘슨""입니다.",전문/마니아,특정 게임의 캐릭터·설정·플레이 지식을 알아야 풀 수 있습니다.,조건부
7793,Entertainment: Video Games,Multiple Choice,Easy,"Which of the following games was NOT included in Valve's ""The Orange Box""?",ITheWarden,"다음 중 Valve의 ""The Orange Box""에 포함되지 않은 게임은 무엇인가요?",전문/마니아,특정 게임의 캐릭터·설정·플레이 지식을 알아야 풀 수 있습니다.,조건부
7792,History,True / False,Medium,The Fourth Crusade lasted from 1095-1099 AD.,ITheWarden,제4차 십자군은 1095년부터 1099년까지 지속되었습니다.,일반,세계사 교육이나 일반 교양으로 접할 수 있는 역사 문제입니다.,추천
7791,Science & Nature,Multiple Choice,Easy,What organelle aids in synthesis of DNA in cells?,Ralsei,세포 내에서 DNA 합성을 돕는 소기관은 무엇인가요?,일반,한국의 과학 교육과정이나 보편적인 자연과학 상식입니다.,추천
7788,Science & Nature,Multiple Choice,Easy,What did Gregory Mendel use to test genetic crossovers?,Ralsei,그레고리 멘델은 유전적 교차를 테스트하기 위해 무엇을 사용했습니까?,일반,한국의 과학 교육과정이나 보편적인 자연과학 상식입니다.,추천
7787,General Knowledge,Multiple Choice,Easy,What step in cellular respiration forms ATP?,Ralsei,세포호흡의 어떤 단계에서 ATP가 형성되나요?,일반,한국의 일반 교육과정이나 보편 상식으로 접할 수 있는 문제입니다.,추천
7785,Entertainment: Video Games,Multiple Choice,Medium,What American city was featured in the 1999 PC game Midtown Madness?,RTranzit,1999년 PC 게임 Midtown Madness에 등장한 미국 도시는 어디인가요?,전문/마니아,특정 게임의 캐릭터·설정·플레이 지식을 알아야 풀 수 있습니다.,조건부
7784,Entertainment: Video Games,Multiple Choice,Medium,"How many metal bars does it take to smith a platebody in the MMO ""RuneScape""?",space,"MMO ""RuneScape""에서 판체를 제작하려면 몇 개의 금속 막대가 필요합니까?",전문/마니아,특정 게임의 캐릭터·설정·플레이 지식을 알아야 풀 수 있습니다.,조건부
7783,Science: Computers,Multiple Choice,Easy,Which SQL keyword is used to fetch data from a database?,EzloSpirit,데이터베이스에서 데이터를 가져오는 데 사용되는 SQL 키워드는 무엇인가요?,전문/마니아,컴퓨터 구조·소프트웨어에 관한 기술 지식이 필요한 문제입니다.,조건부
7774,Vehicles,True / False,Medium,"Mitsubishi Motors has had a 30-year partnership with Jackie Chan, whose movies have prominently featured their vehicles.",SkyZero96,"Mitsubishi Motors는 Jackie Chan과 30년 동안 파트너십을 유지해 왔으며, 성룡의 영화에서 자사 차량이 눈에 띄게 등장했습니다.",일반,한국에서도 접할 수 있는 자동차와 교통수단 상식입니다.,추천
7773,Entertainment: Video Games,Multiple Choice,Easy,Which company developed the free battle royale game Fortnite?,SkyZero96,무료 배틀 로얄 게임인 Fortnite를 개발한 회사는 어디인가요?,전문/마니아,특정 게임의 캐릭터·설정·플레이 지식을 알아야 풀 수 있습니다.,조건부
7772,Sports,True / False,Medium,"The first episode of WWF Monday Night RAW aired on January 11, 1990.",Druss,WWF Monday Night RAW의 첫 번째 에피소드는 1990년 1월 11일에 방영되었습니다.,전문/마니아,특정 종목의 선수·구단·경기 기록을 알아야 풀 수 있습니다.,조건부
7771,Entertainment: Music,True / False,Medium,"Pink Floyd's 1973 album ""Animals"" features a photograph of Battersea Power Station.",Druss,"핑크 플로이드(Pink Floyd)의 1973년 앨범 ""Animals""에는 배터시 발전소(Battersea Power Station)의 사진이 포함되어 있습니다.",전문/마니아,특정 가수·밴드·음반의 세부 이력을 알아야 풀 수 있습니다.,조건부
7770,Entertainment: Music,True / False,Medium,"The 1969 Frank Sinatra Song ""My Way"" was ironically not written by him.",Druss,"1969년 Frank Sinatra 노래 ""My Way""는 아이러니하게도 그가 작곡한 것이 아닙니다.",전문/마니아,특정 가수·밴드·음반의 세부 이력을 알아야 풀 수 있습니다.,조건부
7769,Geography,True / False,Medium,"Route 66 in the United States spans the entire mainland of America, from California to New York.",Druss,미국의 66번 국도는 캘리포니아에서 뉴욕까지 미국 본토 전체를 관통합니다.,일반,한국의 교육과정이나 세계지리 상식으로 접할 수 있는 문제입니다.,추천
7768,Entertainment: Film,Multiple Choice,Medium,Bela Lugosi was a Hungarian-American actor best known for his starring role of what 1931 horror film?,Druss,벨라 루고시(Bela Lugosi)는 1931년 공포 영화의 주연으로 가장 잘 알려진 헝가리계 미국인 배우였습니다?,전문/마니아,특정 영화·방송 작품의 인물이나 세부 내용을 알아야 풀 수 있습니다.,조건부
7767,Entertainment: Books,Multiple Choice,Hard,Which classic horror character killed Elizabeth Lavenza?,Druss,어느 고전 공포 캐릭터가 Elizabeth Lavenza를 죽였습니까?,전문/마니아,특정 문학·공연 작품의 작가나 세부 내용을 알아야 풀 수 있습니다.,비추천
7765,Entertainment: Books,Multiple Choice,Medium,"In Rudyard Kipling's ""The Jungle Book"", what type of snake was Kaa?",Druss,러디어드 키플링의 '정글북'에서 카아는 어떤 종류의 뱀이었나요?,일반,한국에서도 널리 알려진 고전 작품에 관한 문학 상식입니다.,추천
7761,Entertainment: Music,Multiple Choice,Medium,"""The Day the Music Died"" was a tragic plane crash that killed three musicians in which decade?",Druss,"""음악이 죽은 날""은 세 명의 음악가를 죽인 비극적인 비행기 추락 사고였습니다. 어느 시대에?",전문/마니아,특정 가수·밴드·음반의 세부 이력을 알아야 풀 수 있습니다.,조건부
7760,General Knowledge,Multiple Choice,Medium,Which of these American singers and songwriters won a Nobel Prize in Literature?,Druss,다음 미국 가수와 작곡가 중 노벨 문학상을 받은 사람은 누구인가요?,일반,한국의 일반 교육과정이나 보편 상식으로 접할 수 있는 문제입니다.,조건부
7758,Science & Nature,True / False,Hard,Frederick Banting and John Macleod won a Nobel Prize for their contributions to the scientific fields of quantum mechanics.,Druss,Frederick Banting과 John Macleod는 양자역학이라는 과학 분야에 기여한 공로로 노벨상을 수상했습니다.,전문/마니아,고급 과학 개념이나 전문 용어를 알아야 풀 수 있습니다.,비추천
7756,General Knowledge,True / False,Medium,"A pencil's lead is typically made from graphite, not lead",Druss,연필의 심은 일반적으로 납이 아닌 흑연으로 만들어집니다.,일반,한국의 일반 교육과정이나 보편 상식으로 접할 수 있는 문제입니다.,추천
7755,Science: Computers,Multiple Choice,Easy,"On a standard American QWERTY keyboard, what symbol will you enter if you hold the shift key and press 1?",Druss,표준 미국식 QWERTY 키보드에서 Shift 키를 누른 채 1을 누르면 어떤 기호를 입력하게 됩니까?,전문/마니아,컴퓨터 구조·소프트웨어에 관한 기술 지식이 필요한 문제입니다.,조건부
7754,General Knowledge,True / False,Medium,"Kraft ""Cheez Whiz"" contains cheese culture, but doesn't actually contain cheese",Druss,"Kraft ""Cheez Whiz""에는 치즈 문화가 포함되어 있지만 실제로 치즈가 포함되어 있지는 않습니다.",해외특화,특정 외국의 생활문화 경험이 있어야 유리한 문제입니다.,비추천
7751,Sports,Multiple Choice,Medium,Hockey player Wayne Gretzky was born in what Canadian province?,Druss,하키 선수 웨인 그레츠키(Wayne Gretzky)가 태어난 캐나다 지역은 어디인가요?,전문/마니아,특정 종목의 선수·구단·경기 기록을 알아야 풀 수 있습니다.,조건부
7750,General Knowledge,Multiple Choice,Medium,What year was the first Apple iPod introduced?,Druss,Apple iPod이 처음 출시된 해는 몇 년입니까?,전문/마니아,특정 기업·서비스의 세부 연혁을 알아야 풀 수 있습니다.,조건부
7747,Mythology,True / False,Hard,"Skaði is the Norse Goddess of skiing, mountains, winter and bowhunting.",16BitSamurai,"스카디(Skaði)는 스키, 산, 겨울, 활사냥의 북유럽 여신입니다.",전문/마니아,특정 신화의 인물과 세부 서사를 알아야 풀 수 있습니다.,비추천
7745,Entertainment: Board Games,Multiple Choice,Easy,Which of the following is NOT a class in Dungeons and Dragons 5e?,16BitSamurai,다음 중 Dungeons and Dragons 5e의 클래스가 아닌 것은 무엇인가요?,전문/마니아,특정 보드게임의 규칙이나 구성요소를 알아야 풀 수 있습니다.,조건부
7742,Entertainment: Video Games,Multiple Choice,Medium,"In World of Warcraft lore, how many siblings does Sylvanas Windrunner have?",TheIllegalGuy,월드 오브 워크래프트 이야기에서 실바나스 윈드러너의 형제자매는 몇 명인가요?,전문/마니아,특정 게임의 캐릭터·설정·플레이 지식을 알아야 풀 수 있습니다.,조건부
7741,Entertainment: Video Games,Multiple Choice,Easy,"In World of Warcraft's Mists of Pandaria expansion, What was the level cap?",TheIllegalGuy,월드 오브 워크래프트 판다리아의 안개 확장팩의 레벨 상한선은 얼마였나요?,전문/마니아,특정 게임의 캐릭터·설정·플레이 지식을 알아야 풀 수 있습니다.,조건부
7737,Entertainment: Video Games,True / False,Easy,"In the Mortal Kombat series the ""Deadly Alliance"" consists of Shang Tsung and Quan Chi",16BitSamurai,"Mortal Kombat 시리즈에서 ""Deadly Alliance""는 Shang Tsung과 Quan Chi로 구성됩니다.",전문/마니아,특정 게임의 캐릭터·설정·플레이 지식을 알아야 풀 수 있습니다.,조건부
7734,Entertainment: Board Games,Multiple Choice,Medium,About how many Slinkys were sold in their first 60 years (from 1945 to 2005)?,NoThanks,처음 60년(1945년부터 2005년까지) 동안 얼마나 많은 Slinky가 판매되었습니까?,전문/마니아,특정 보드게임의 규칙이나 구성요소를 알아야 풀 수 있습니다.,조건부
7732,Entertainment: Video Games,Multiple Choice,Easy,Which of these following weapon or equipment exists in Counter Strike but not in Counter Strike: Source?,TheOnly8Z,다음 중 Counter Strike에는 존재하지만 Counter Strike: Source에는 존재하지 않는 무기 또는 장비는 무엇인가요?,전문/마니아,특정 게임의 캐릭터·설정·플레이 지식을 알아야 풀 수 있습니다.,조건부
7731,Entertainment: Video Games,Multiple Choice,Medium,"In Super Smash Bros. Ultimate, which of the following pair of characters are NOT considered ""Echo Fighters""?",TheOnly8Z,"Super Smash Bros. Ultimate에서 다음 캐릭터 쌍 중 ""Echo Fighters""로 간주되지 않는 것은 무엇인가요?",전문/마니아,특정 게임의 캐릭터·설정·플레이 지식을 알아야 풀 수 있습니다.,조건부
7729,Entertainment: Video Games,Multiple Choice,Medium,"In Minecraft: Java Edition, which of the following feature/block was added to Survival mode in Beta 1.3?",TheOnly8Z,Minecraft: Java Edition에서 다음 기능/블록 중 베타 1.3의 서바이벌 모드에 추가된 것은 무엇인가요?,전문/마니아,특정 게임의 캐릭터·설정·플레이 지식을 알아야 풀 수 있습니다.,조건부
7728,Entertainment: Video Games,Multiple Choice,Easy,"In Slay the Spire, which of the following is NOT a playable character?",TheOnly8Z,Slay the Spire에서 다음 중 플레이 가능한 캐릭터가 아닌 것은 무엇인가요?,전문/마니아,특정 게임의 캐릭터·설정·플레이 지식을 알아야 풀 수 있습니다.,조건부
7725,Entertainment: Video Games,True / False,Easy,"In Team Fortress 2, the weapon ""Your Eternal Reward"" is a reference to the 1992 film Aladdin.",TheOnly8Z,"Team Fortress 2에서 ""Your Eternal Reward""라는 무기는 1992년 영화 Aladdin을 참조한 것입니다.",전문/마니아,특정 게임의 캐릭터·설정·플레이 지식을 알아야 풀 수 있습니다.,조건부
7722,Politics,Multiple Choice,Hard,"Starting from 2000, China banned manufacturing and sales of all video game consoles. On which year was this ban lifted?",TheOnly8Z,2000년부터 중국은 모든 비디오 게임 콘솔의 제조 및 판매를 금지했습니다. 이 금지령이 해제된 연도는 언제입니까?,일반,국제 뉴스나 사회 교육에서 접할 수 있는 정치 상식입니다.,조건부
7720,Entertainment: Music,Multiple Choice,Medium,"What year was Weezer's album ""Pinkerton"" released?",MelonTheMelon,"Weezer의 앨범 ""Pinkerton""은 몇 년도에 발매되었나요?",전문/마니아,특정 가수·밴드·음반의 세부 이력을 알아야 풀 수 있습니다.,조건부
7709,Entertainment: Video Games,Multiple Choice,Easy,Who is the main protagonist in the 'Ratchet and Clank' game series?,BananaBoik,'라쳇 앤 클랭크' 게임 시리즈의 주인공은 누구인가요?,전문/마니아,특정 게임의 캐릭터·설정·플레이 지식을 알아야 풀 수 있습니다.,조건부
7706,Science & Nature,Multiple Choice,Easy,"What is the common name of the chemical compound ""dihydrogen monoxide""?",cancermancer,"화합물 ""일산화이수소""의 일반 이름은 무엇인가요?",일반,한국의 과학 교육과정이나 보편적인 자연과학 상식입니다.,추천
7704,Entertainment: Board Games,Multiple Choice,Medium,What letter is used to refer to blue mana in the card game Magic The Gathering?,rilo12,매직 더 개더링(Magic The Gathering) 카드 게임에서 청색 마나를 나타내는 데 사용되는 문자는 무엇인가요?,전문/마니아,특정 보드게임의 규칙이나 구성요소를 알아야 풀 수 있습니다.,조건부
7701,Entertainment: Japanese Anime & Manga,Multiple Choice,Medium,"In the anime, ""Fullmetal Alchemist"", who is known as the 'Flame Alchemist'?",cancermancer,애니메이션 '강철의 연금술사'에서 '화염의 연금술사'로 알려진 인물은?,전문/마니아,특정 애니메이션·만화의 인물이나 세부 내용을 알아야 풀 수 있습니다.,조건부
7699,Entertainment: Video Games,Multiple Choice,Easy,Who is the main character in Metal Gear Rising: Revengeance?,cancermancer,Metal Gear Rising: Revengeance의 주인공은 누구인가요?,전문/마니아,특정 게임의 캐릭터·설정·플레이 지식을 알아야 풀 수 있습니다.,조건부
7696,History,Multiple Choice,Medium,"Which country attacked the USS Liberty on June 8, 1967?",HabboGasAttack,1967년 6월 8일 어느 나라가 USS 리버티를 공격했습니까?,일반,세계사 교육이나 일반 교양으로 접할 수 있는 역사 문제입니다.,추천
7694,History,Multiple Choice,Hard,When was Finland's 100th year of being independent?,VilePowder,핀란드 독립 100주년은 언제였나요?,일반,세계사 교육이나 일반 교양으로 접할 수 있는 역사 문제입니다.,조건부
7693,Entertainment: Video Games,Multiple Choice,Medium,Who is the protagonist in Dead Rising 3?,VilePowder,Dead Rising 3의 주인공은 누구인가요?,전문/마니아,특정 게임의 캐릭터·설정·플레이 지식을 알아야 풀 수 있습니다.,조건부
7692,Entertainment: Video Games,Multiple Choice,Easy,How do you tame a horse in Minecraft?,VilePowder,Minecraft에서 말을 어떻게 길들이나요?,전문/마니아,특정 게임의 캐릭터·설정·플레이 지식을 알아야 풀 수 있습니다.,조건부
7691,General Knowledge,Multiple Choice,Easy,"Which of these words refers to something made, distributed, or sold illegally?",VilePowder,"다음 중 불법적으로 제조, 유통, 판매되는 물건을 가리키는 단어는 무엇인가요?",일반,한국의 일반 교육과정이나 보편 상식으로 접할 수 있는 문제입니다.,조건부
7687,General Knowledge,Multiple Choice,Easy,"The file hosting service, ""Google Drive"" was launched on what day?",Nysara,파일 호스팅 서비스 '구글 드라이브'가 출시된 날은 언제인가요?,일반,한국의 일반 교육과정이나 보편 상식으로 접할 수 있는 문제입니다.,추천
7685,General Knowledge,Multiple Choice,Easy,The Hyundai Motor Company was founded in which country?,Nysara,현대자동차는 어느 나라에서 설립되었나요?,일반,한국의 일반 교육과정이나 보편 상식으로 접할 수 있는 문제입니다.,추천
7684,Vehicles,True / False,Easy,The Honda Motor Corporation originates in Japan,Nysara,Honda Motor Corporation은 일본에서 시작되었습니다.,일반,한국에서도 접할 수 있는 자동차와 교통수단 상식입니다.,추천
7683,Geography,Multiple Choice,Medium,Which is the largest of these 4 islands?,tsmith,이 4개의 섬 중 가장 큰 섬은 무엇인가요?,일반,한국의 교육과정이나 세계지리 상식으로 접할 수 있는 문제입니다.,추천
7682,Entertainment: Video Games,Multiple Choice,Hard,"What was the first game to utilize Valve's ""Source 2"" engine?",Segalow,"Valve의 ""Source 2"" 엔진을 활용한 최초의 게임은 무엇인가요?",전문/마니아,특정 게임의 캐릭터·설정·플레이 지식을 알아야 풀 수 있습니다.,비추천
7679,Entertainment: Video Games,Multiple Choice,Easy,"What game mode was not in the original ""Wii Sports""?",Granolant,"원작 ""Wii Sports""에는 어떤 게임 모드가 없었나요?",전문/마니아,특정 게임의 캐릭터·설정·플레이 지식을 알아야 풀 수 있습니다.,조건부
7678,Science: Computers,Multiple Choice,Hard,Which of the following is NOT a computer science algorithm?,relc,다음 중 컴퓨터 과학 알고리즘이 아닌 것은 무엇인가요?,전문/마니아,컴퓨터 구조·소프트웨어에 관한 기술 지식이 필요한 문제입니다.,비추천
7676,Vehicles,True / False,Hard,There is a Rolls-Royce model called the 'Spectre',relc,롤스로이스에는 '스펙터'라는 모델이 있습니다.,전문/마니아,자동차 모델·모터스포츠의 세부 지식이 필요한 문제입니다.,비추천
7671,Entertainment: Video Games,Multiple Choice,Medium,"In Star Wars: Republic Commando (2005), what is the name of the squad that you play as?",Admiral,스타워즈: 공화국 코만도(2005)에서 당신이 맡은 팀의 이름은 무엇인가요?,전문/마니아,특정 게임의 캐릭터·설정·플레이 지식을 알아야 풀 수 있습니다.,조건부
7666,Entertainment: Video Games,Multiple Choice,Medium,"Which one of these ""Mortal Kombat"" characters has been playable in every single mainline game?",namapo,"""Mortal Kombat"" 캐릭터 중 모든 메인라인 게임에서 플레이할 수 있었던 캐릭터는 무엇인가요?",전문/마니아,특정 게임의 캐릭터·설정·플레이 지식을 알아야 풀 수 있습니다.,조건부
7661,Entertainment: Video Games,Multiple Choice,Medium,"Which of these is not a playable character in ""Enter The Gungeon?""",Granolant,"다음 중 ""Enter The Gungeon""에서 플레이 가능한 캐릭터가 아닌 것은 무엇인가요?",전문/마니아,특정 게임의 캐릭터·설정·플레이 지식을 알아야 풀 수 있습니다.,조건부
7660,Entertainment: Music,Multiple Choice,Medium,Who is the singer for Fall Out Boy?,Granolant,Fall Out Boy의 가수는 누구인가요?,전문/마니아,특정 가수·밴드·음반의 세부 이력을 알아야 풀 수 있습니다.,조건부
7653,Entertainment: Cartoon & Animations,True / False,Hard,"The first ever episode of Family Guy, ""Death Has A Shadow,"" aired on January 1st, 2002.",Druss,"Family Guy의 첫 번째 에피소드인 ""Death Has A Shadow""는 2002년 1월 1일에 방영되었습니다.",전문/마니아,특정 애니메이션·만화의 인물이나 세부 내용을 알아야 풀 수 있습니다.,비추천
7652,Entertainment: Cartoon & Animations,Multiple Choice,Hard,"Which cartoon family lives in 31 Spooner Street, Quahog, Rhode Island USA?",Druss,미국 로드아일랜드주 콰호그 31 Spooner Street에 살고 있는 만화 가족은 누구인가요?,전문/마니아,특정 애니메이션·만화의 인물이나 세부 내용을 알아야 풀 수 있습니다.,비추천
7651,Entertainment: Cartoon & Animations,Multiple Choice,Easy,"Which cartoon family lives in 742 Evergreen Terrace, Springfield USA?",Druss,미국 스프링필드 742 Evergreen Terrace에 살고 있는 만화 가족은 누구인가요?,전문/마니아,특정 애니메이션·만화의 인물이나 세부 내용을 알아야 풀 수 있습니다.,조건부
7650,Entertainment: Cartoon & Animations,Multiple Choice,Hard,Which of these cartoon girlfriends of popular characters first appeared before their boyfriends?,Druss,인기 캐릭터의 만화 여자친구 중 남자친구보다 먼저 등장한 사람은 누구인가요?,전문/마니아,특정 애니메이션·만화의 인물이나 세부 내용을 알아야 풀 수 있습니다.,비추천
7648,Entertainment: Video Games,Multiple Choice,Easy,"In ""World of Warcraft,"" which of the following can be found outside of every instanced dungeon?",TheIllegalGuy,"다음 중 ""월드 오브 워크래프트""에서 모든 인스턴스 던전 외부에서 찾을 수 있는 것은 무엇인가요?",전문/마니아,특정 게임의 캐릭터·설정·플레이 지식을 알아야 풀 수 있습니다.,조건부
7645,History,Multiple Choice,Medium,When was Napoleon Bonaparte crowned emperor of the French?,Darkour,나폴레옹 보나파르트는 언제 프랑스의 황제로 즉위했습니까?,일반,세계사 교육이나 일반 교양으로 접할 수 있는 역사 문제입니다.,추천
7643,Animals,True / False,Medium,Hyenas are more closely related to cats than to dogs.,StrayChowChow,하이에나는 개보다는 고양이와 더 가까운 친척이다.,일반,대중매체나 생물 교육에서 접할 수 있는 동물 상식입니다.,추천
7639,Entertainment: Books,Multiple Choice,Easy,"Which classic book opens with the line ""Call me Ishmael""?",gallinaceous,"""나를 이스마엘이라 불러라""라는 문구로 시작되는 고전 책은 무엇인가요?",전문/마니아,특정 문학·공연 작품의 작가나 세부 내용을 알아야 풀 수 있습니다.,조건부
7636,General Knowledge,Multiple Choice,Easy,A criminal who has “cooked the books” has engaged in what kind of illegal behavior?,gallinaceous,'책을 요리'한 범죄자는 어떤 종류의 불법 행위를 저질렀습니까?,일반,한국의 일반 교육과정이나 보편 상식으로 접할 수 있는 문제입니다.,추천
7635,History,Multiple Choice,Easy,A collection of Sanskrit hymns and verses known as the Vedas are sacred texts in what religion?,gallinaceous,베다라고 알려진 산스크리트어 찬송가와 구절 모음은 어느 종교의 신성한 문헌입니까?,일반,세계사 교육이나 일반 교양으로 접할 수 있는 역사 문제입니다.,추천
7634,Entertainment: Music,Multiple Choice,Easy,A classic 1976 song by Blue Oyster Cult features the advice “Don’t Fear The” what?,gallinaceous,"Blue Oyster Cult의 1976년 클래식 노래에는 ""Don't Fear The""라는 조언이 담겨 있습니다?",전문/마니아,특정 가수·밴드·음반의 세부 이력을 알아야 풀 수 있습니다.,조건부
7632,Entertainment: Film,Multiple Choice,Easy,7-Eleven stores were temporarily converted into Kwik E-marts to promote the release of what movie?,gallinaceous,세븐일레븐 매장은 어떤 영화 개봉을 홍보하기 위해 일시적으로 퀵 이마트로 전환됐나요?,전문/마니아,특정 영화·방송 작품의 인물이나 세부 내용을 알아야 풀 수 있습니다.,조건부
7627,Animals,True / False,Medium,Sea sponges can have hearts.,Godzillan,바다 스폰지에는 하트가 있을 수 있습니다.,일반,대중매체나 생물 교육에서 접할 수 있는 동물 상식입니다.,추천
7624,Politics,Multiple Choice,Medium,What is the primary purpose of the Fourth Amendment to the US Constitution?,Godzillan,미국 헌법 수정 제4조의 주요 목적은 무엇인가요?,해외특화,특정 외국의 국내 정치·법제도에 관한 현지 중심 지식입니다.,비추천
7620,Entertainment: Television,True / False,Easy,"In the Season 1 SpongeBob Squarepants episode, ""Help Wanted,"" the song ""Living in the Sunlight"" by Tiny Tim can be heard.",sayt,"시즌 1 스폰지밥 네모바지 에피소드 ""Help Wanted""에서는 Tiny Tim의 노래 ""Living in the Sunlight""를 들을 수 있습니다.",전문/마니아,특정 영화·방송 작품의 인물이나 세부 내용을 알아야 풀 수 있습니다.,조건부
7619,Entertainment: Cartoon & Animations,Multiple Choice,Medium,"Bugs Bunny, Tony the Tiger, and other bipedal animal characters are known as what type of character?",sayt,"벅스버니, 호랑이토니 등 이족보행 동물 캐릭터는 어떤 캐릭터로 알려져 있나요?",전문/마니아,특정 애니메이션·만화의 인물이나 세부 내용을 알아야 풀 수 있습니다.,조건부
7617,Science: Computers,Multiple Choice,Hard,Which of the following physical typologies are used with Ethernet Networks?,KingMelon,다음 중 이더넷 네트워크에 사용되는 물리적 유형은 무엇인가요?,전문/마니아,컴퓨터 구조·소프트웨어에 관한 기술 지식이 필요한 문제입니다.,비추천
7616,Entertainment: Japanese Anime & Manga,Multiple Choice,Easy,Kirito and Asuna are main characters from which anime?,Breegull,키리토와 아스나는 어떤 애니메이션의 주인공인가요?,전문/마니아,특정 애니메이션·만화의 인물이나 세부 내용을 알아야 풀 수 있습니다.,조건부
7615,Entertainment: Video Games,Multiple Choice,Medium,What were the first two Pokémon games released?,Breegull,처음 출시된 포켓몬 게임 두 개는 무엇인가요?,전문/마니아,특정 게임의 캐릭터·설정·플레이 지식을 알아야 풀 수 있습니다.,조건부
7614,Entertainment: Video Games,Multiple Choice,Medium,Which one of these is NOT a character in the video game Overwatch,Breegull,다음 중 오버워치 비디오 게임의 캐릭터가 아닌 것은 무엇인가요?,전문/마니아,특정 게임의 캐릭터·설정·플레이 지식을 알아야 풀 수 있습니다.,조건부
7613,Science & Nature,Multiple Choice,Hard,Which of these is a semiconductor amplifying device?,mayne,다음 중 반도체 증폭소자는 무엇인가요?,일반,한국의 과학 교육과정이나 보편적인 자연과학 상식입니다.,조건부
7611,Science: Computers,Multiple Choice,Hard,"Australia, Japan, and Southeast Asia are in which ITU Region?",mayne,"호주, 일본, 동남아시아는 어느 ITU 지역에 속합니까?",전문/마니아,컴퓨터 구조·소프트웨어에 관한 기술 지식이 필요한 문제입니다.,비추천
7607,Entertainment: Video Games,Multiple Choice,Medium,What is the canonical name of the Persona 4 protagonist?,CyclonX,페르소나 4 주인공의 정식 이름은 무엇인가요?,전문/마니아,특정 게임의 캐릭터·설정·플레이 지식을 알아야 풀 수 있습니다.,조건부
7603,History,Multiple Choice,Medium,Who was the first emperor of Rome?,ndog,로마의 첫 번째 황제는 누구인가요?,일반,세계사 교육이나 일반 교양으로 접할 수 있는 역사 문제입니다.,추천
7602,Sports,Multiple Choice,Easy,What was the year of estabilishment of the Bari Italian Football Club?,pierolfi,바리 이탈리아 축구클럽이 창설된 해는 언제였습니까?,전문/마니아,특정 종목의 선수·구단·경기 기록을 알아야 풀 수 있습니다.,조건부
7600,Entertainment: Television,Multiple Choice,Medium,"Which movie served as the KTMA pilot episode for the show ""Mystery Science Theater 3000""?",KazuhiraMewtwo,KTMA '미스터리 사이언스 극장 3000'의 파일럿 에피소드로 출연한 영화는 무엇인가요?,해외특화,한국에서 접하기 어려운 해외 현지 방송문화 지식입니다.,비추천
7597,Entertainment: Music,Multiple Choice,Medium,Grand Theft Autumn/Where Is Your Boy is a song by which band?,PoweR,Grand Theft Autumn/Where Is Your Boy는 어느 밴드의 노래인가요?,전문/마니아,특정 가수·밴드·음반의 세부 이력을 알아야 풀 수 있습니다.,조건부
7595,Entertainment: Film,Multiple Choice,Hard,"Which one of these films did David Lynch direct, but not write?",HipsterElephant,다음 중 데이비드 린치가 감독은 했지만 글을 쓰지 않은 영화는 무엇인가요?,전문/마니아,특정 영화·방송 작품의 인물이나 세부 내용을 알아야 풀 수 있습니다.,비추천
7594,Entertainment: Music,Multiple Choice,Hard,"Dallon Weekes, former touring basist of Panic! At the Disco, created his own band in 2016 called...",Hyperkasumi,Panic! at the Disco의 전 투어 베이시스트 Dallon Weekes가 2016년에 결성한 밴드의 이름은 무엇인가요?,전문/마니아,특정 가수·밴드·음반의 세부 이력을 알아야 풀 수 있습니다.,비추천
7593,Entertainment: Japanese Anime & Manga,Multiple Choice,Medium,"What is the name of the infamous pachinko machine from ""Kaiji""?",holychwan,"""카이지""에 나오는 악명 높은 파칭코 기계의 이름은 무엇인가요?",전문/마니아,특정 애니메이션·만화의 인물이나 세부 내용을 알아야 풀 수 있습니다.,조건부
7588,Celebrities,True / False,Medium,"Terry Gilliam is the only American member of the comedy troupe ""Monty Python.""",HipsterElephant,"테리 길리엄(Terry Gilliam)은 코미디 극단 ""몬티 파이튼(Monty Python)""의 유일한 미국인 멤버입니다.",전문/마니아,특정 해외 유명인의 활동 이력을 알아야 풀 수 있습니다.,조건부
7587,Entertainment: Music,Multiple Choice,Medium,"What was the release date of the They Might Be Giants album, 'Mink Car?'",smoldab,They Might Be Giants 앨범 'Mink Car' 발매일은 언제였나요?,전문/마니아,특정 가수·밴드·음반의 세부 이력을 알아야 풀 수 있습니다.,조건부
7586,Sports,Multiple Choice,Hard,At which race was the 2018 F1 Drivers Championship won?,CuRsD,2018 F1 드라이버 챔피언십은 어느 레이스에서 우승했습니까?,전문/마니아,특정 종목의 선수·구단·경기 기록을 알아야 풀 수 있습니다.,비추천
7581,Entertainment: Video Games,True / False,Easy,Rollercoaster Tycoon 1 and 2 were developed by Chris Sawyer.,DLCmaster77,Rollercoaster Tycoon 1과 2는 Chris Sawyer가 개발했습니다.,전문/마니아,특정 게임의 캐릭터·설정·플레이 지식을 알아야 풀 수 있습니다.,조건부
7580,General Knowledge,Multiple Choice,Easy,"In ""Katamari Damacy"", you control a character known as:",DLCmaster77,Katamari Damacy에서 플레이어가 조종하는 캐릭터는 누구인가요?,전문/마니아,특정 게임의 캐릭터·설정·플레이 지식을 알아야 풀 수 있습니다.,조건부
7578,Entertainment: Video Games,True / False,Medium,POLYBIUS is a myth arcade cabinet/game,DLCmaster77,POLYBIUS는 신화적인 아케이드 캐비닛/게임입니다.,전문/마니아,특정 게임의 캐릭터·설정·플레이 지식을 알아야 풀 수 있습니다.,조건부
7577,Entertainment: Video Games,Multiple Choice,Hard,What major event caused the events of Half-Life 1?,DLCmaster77,Half-Life 1 사건의 원인이 된 주요 사건은 무엇인가요?,전문/마니아,특정 게임의 캐릭터·설정·플레이 지식을 알아야 풀 수 있습니다.,비추천
7572,Art,Multiple Choice,Hard,What was the first successful and commercially viable photographic technique?,carriereg,최초의 성공적이고 상업적으로 실행 가능한 사진 기술은 무엇인가요?,전문/마니아,특정 미술 작품·작가에 관한 전문적인 배경지식이 필요합니다.,비추천
7569,Art,Multiple Choice,Easy,What is the world's oldest known piece of fiction?,carriereg,세계에서 가장 오래된 것으로 알려진 소설은 무엇인가요?,일반,학교 교육이나 대중매체에서 접할 수 있는 미술 상식입니다.,추천
7568,Art,Multiple Choice,Medium,What were Marcel Duchamp's readymades?,carriereg,마르셀 뒤샹의 레디메이드는 무엇인가요?,일반,학교 교육이나 대중매체에서 접할 수 있는 미술 상식입니다.,추천
7566,Art,Multiple Choice,Hard,What was the major distinction between the English and French Gothic styles of architecture?,carriereg,영국 고딕 양식과 프랑스 고딕 양식의 건축 양식 사이의 주요 차이점은 무엇인가요?,전문/마니아,특정 미술 작품·작가에 관한 전문적인 배경지식이 필요합니다.,비추천
7565,Art,Multiple Choice,Easy,What is a fundamental element of the Gothic style of architecture?,carriereg,고딕 건축 양식의 기본 요소는 무엇인가요?,일반,학교 교육이나 대중매체에서 접할 수 있는 미술 상식입니다.,추천
7563,Entertainment: Video Games,Multiple Choice,Medium,What Sims console game featured the Black Eyed Peas in the game?,Camaraderie,Black Eyed Peas가 등장하는 Sims 콘솔 게임은 무엇인가요?,전문/마니아,특정 게임의 캐릭터·설정·플레이 지식을 알아야 풀 수 있습니다.,조건부
7562,Entertainment: Music,Multiple Choice,Medium,What is Fergie's debut album called?,Camaraderie,Fergie의 데뷔 앨범 이름은 무엇인가요?,전문/마니아,특정 가수·밴드·음반의 세부 이력을 알아야 풀 수 있습니다.,조건부
7560,Entertainment: Film,Multiple Choice,Hard,What was the first superhero film James Gunn was involved with?,HipsterElephant,James Gunn이 참여한 최초의 슈퍼히어로 영화는 무엇인가요?,전문/마니아,특정 영화·방송 작품의 인물이나 세부 내용을 알아야 풀 수 있습니다.,비추천
7557,General Knowledge,True / False,Easy,Is a dog a mammal?,markalahasi,개는 포유류인가요?,일반,한국의 일반 교육과정이나 보편 상식으로 접할 수 있는 문제입니다.,추천
7551,Entertainment: Video Games,Multiple Choice,Medium,"In the Half-Life 2 universe, how long did it take for the Combine to take complete control of the earth?",Oscuur,Half-Life 2 세계에서 콤바인이 지구를 완전히 장악하는 데 얼마나 시간이 걸렸나요?,전문/마니아,특정 게임의 캐릭터·설정·플레이 지식을 알아야 풀 수 있습니다.,조건부
7549,Entertainment: Television,Multiple Choice,Medium,"Pat Cashman, the announcer for Super Smash Brothers: Brawl, also featured prominently in what famous TV show?",UnlessItsJeff,슈퍼 스매시 브라더스: 난투의 아나운서인 Pat Cashman도 어느 유명한 TV 프로그램에 등장했습니까?,전문/마니아,특정 영화·방송 작품의 인물이나 세부 내용을 알아야 풀 수 있습니다.,조건부
7548,Entertainment: Music,Multiple Choice,Hard,"Which artists' version of the song ""The Tide is High"" came first?",Agent2583,"""The Tide is High""라는 노래의 어떤 아티스트 버전이 먼저 나왔나요?",전문/마니아,특정 가수·밴드·음반의 세부 이력을 알아야 풀 수 있습니다.,비추천
7547,Entertainment: Japanese Anime & Manga,Multiple Choice,Easy,"What's the English Dub Name of ""Smile Precure""?",SynapseKrud,스마일 프리큐어 영어 더빙 이름은 무엇인가요?,전문/마니아,특정 애니메이션·만화의 인물이나 세부 내용을 알아야 풀 수 있습니다.,조건부
7542,Science: Mathematics,Multiple Choice,Easy,What type of angle is greater than 90°?,nimdoc,90°보다 큰 각도는 무엇인가요?,일반,한국의 학교 수학이나 기초 수학 상식으로 접할 수 있습니다.,추천
7539,Science: Mathematics,Multiple Choice,Medium,What numbers are in the 5th row of Pascal's Triangle?,nimdoc,파스칼의 삼각형의 다섯 번째 줄에 있는 숫자는 무엇인가요?,일반,한국의 학교 수학이나 기초 수학 상식으로 접할 수 있습니다.,추천
7538,Science: Mathematics,Multiple Choice,Easy,What is the equation for the area of a sphere?,nimdoc,구의 면적에 대한 방정식은 무엇인가요?,전문/마니아,고급 수학 개념이나 수학사 지식이 필요한 문제입니다.,조건부
7534,Entertainment: Film,Multiple Choice,Medium,"In the film ""John Wick"" why does John Wick get out of retirement?",heypops3,영화 '존윅'에서 존윅이 은퇴한 이유는 무엇일까?,전문/마니아,특정 영화·방송 작품의 인물이나 세부 내용을 알아야 풀 수 있습니다.,조건부
7524,General Knowledge,Multiple Choice,Medium,Which of these Nicktoons were NOT originally a short on Oh Yeah! Cartoons before becoming their own series?,RudyTabootie,다음 닉툰 중 원래 Oh Yeah!의 단편이 아닌 것은 무엇인가요? 자체 시리즈가 되기 전의 만화?,전문/마니아,특정 게임·콘텐츠의 세부 정보를 알아야 풀 수 있습니다.,조건부
7523,Sports,Multiple Choice,Hard,Who won the 1998 Daytona 500?,PoconoShibe,1998년 데이토나 500의 우승자는 누구인가요?,전문/마니아,특정 종목의 선수·구단·경기 기록을 알아야 풀 수 있습니다.,비추천
7522,Science: Computers,True / False,Easy,JavaScript derives from a later version of Java,TheSowut,JavaScript는 최신 버전의 Java에서 파생됩니다.,전문/마니아,컴퓨터 구조·소프트웨어에 관한 기술 지식이 필요한 문제입니다.,조건부
7520,Entertainment: Video Games,Multiple Choice,Medium,Which is the protagonist of Bioshock Infinite?,TheSowut,바이오쇼크 인피니트의 주인공은 누구일까요?,전문/마니아,특정 게임의 캐릭터·설정·플레이 지식을 알아야 풀 수 있습니다.,조건부
7519,Entertainment: Music,Multiple Choice,Hard,Who was the first Jazz Musician to win the Pulitzer Prize for Music,darkchiefy,퓰리처 음악상을 수상한 최초의 재즈 음악가는 누구인가요?,전문/마니아,특정 가수·밴드·음반의 세부 이력을 알아야 풀 수 있습니다.,비추천
7516,Entertainment: Video Games,Multiple Choice,Medium,Which of these is not a Fallout protagonist?,Spinetablet,다음 중 Fallout의 주인공이 아닌 것은 무엇인가요?,전문/마니아,특정 게임의 캐릭터·설정·플레이 지식을 알아야 풀 수 있습니다.,조건부
7501,Entertainment: Television,True / False,Medium,"In the animated series Futurama, the character Phllip J. Fry is his own grandfather.",johnpizzaeater,애니메이션 시리즈 Futurama에서 Phllip J. Fry라는 캐릭터는 그의 할아버지입니다.,전문/마니아,특정 영화·방송 작품의 인물이나 세부 내용을 알아야 풀 수 있습니다.,조건부
7499,Entertainment: Video Games,Multiple Choice,Hard,"Which game in the ""Halo"" series has the strongest iteration of the shotgun?",jujuarc,"""Halo"" 시리즈에서 샷건을 가장 강력하게 반복한 게임은 무엇인가요?",전문/마니아,특정 게임의 캐릭터·설정·플레이 지식을 알아야 풀 수 있습니다.,비추천
7492,Mythology,Multiple Choice,Medium,"In Norse Mythology, Baldr was killed by Loki with a magical spear made from what plant?",Lixix,북유럽 신화에서 발드르는 어떤 식물로 만든 마법 창으로 로키에게 살해당했습니까?,전문/마니아,특정 신화의 인물과 세부 서사를 알아야 풀 수 있습니다.,조건부
7485,Entertainment: Comics,Multiple Choice,Medium,Which of these game-based comics were published in 2011 by DC Comics?,Lixix,다음 중 DC Comics가 2011년에 출판한 게임 기반 만화는 무엇인가요?,전문/마니아,특정 애니메이션·만화의 인물이나 세부 내용을 알아야 풀 수 있습니다.,조건부
7484,General Knowledge,Multiple Choice,Easy,Who played General Aladeen in The Dictator?,nyaapi,독재자에서 알라딘 장군 역을 맡은 사람은 누구인가요?,전문/마니아,특정 콘텐츠의 캐릭터나 세부 설정을 알아야 풀 수 있습니다.,조건부
7483,Entertainment: Film,Multiple Choice,Hard,"In Youtuber Jerma985's 2014 film ""Rat Movie: Mystery of the Mayan Treasure,"" who is the man who tries to steal the Mayan Treasure?",willrus,유튜버 Jerma985의 2014년 영화 '쥐 영화: 마야 보물의 미스터리'에서 마야 보물을 훔치려는 남자는 누구일까요?,전문/마니아,특정 영화·방송 작품의 인물이나 세부 내용을 알아야 풀 수 있습니다.,비추천
7482,Entertainment: Music,Multiple Choice,Medium,"In what year was the smash hit song ""Scatman's World"" released?",willrus,대히트곡 'Scatman's World'는 몇 년도에 발매됐나요?,전문/마니아,특정 가수·밴드·음반의 세부 이력을 알아야 풀 수 있습니다.,조건부
7480,Entertainment: Film,Multiple Choice,Easy,"In the 1986 film ""The Wraith"", what concept car is used for the Turbo Interceptor?",CB2001,1986년 영화 '레이스(The Wraith)'에서 터보 인터셉터(Turbo Interceptor)로 사용된 컨셉카는 무엇인가요?,전문/마니아,특정 영화·방송 작품의 인물이나 세부 내용을 알아야 풀 수 있습니다.,조건부
7478,General Knowledge,Multiple Choice,Easy,What is the name of the antagonist group in Danganronpa Another Episode: Ultra Despair Girls?,Scootakip,단간론파 Another Episode 울트라 절망 소녀들에 등장하는 적대 그룹의 이름은 무엇인가요?,전문/마니아,특정 게임·콘텐츠의 세부 정보를 알아야 풀 수 있습니다.,조건부
7477,Entertainment: Video Games,True / False,Easy,"In the game ""Destiny,"" the three subclasses of the Hunter are Bladedancer, Nightstalker, and Sunsinger.",Danyalson,"게임 ""Destiny""에서 Hunter의 세 가지 하위 클래스는 Bladedancer, Nightstalker 및 Sunsinger입니다.",전문/마니아,특정 게임의 캐릭터·설정·플레이 지식을 알아야 풀 수 있습니다.,조건부
7475,Entertainment: Video Games,Multiple Choice,Medium,"In the game ""Dead By Daylight,"" which character starts with the perk ""Bond"".",Danyalson,Dead by Daylight에서 'Bond' 특전을 기본으로 가진 캐릭터는 누구인가요?,전문/마니아,특정 게임의 캐릭터·설정·플레이 지식을 알아야 풀 수 있습니다.,조건부
7471,Entertainment: Video Games,Multiple Choice,Easy,Who in this list is one of the co-founders of Valve?,LordGrabby,이 목록에 있는 Valve의 공동 창립자는 누구인가요?,전문/마니아,특정 게임의 캐릭터·설정·플레이 지식을 알아야 풀 수 있습니다.,조건부
7468,Science & Nature,Multiple Choice,Hard,Where in the human body is the Pineal Gland located?,Kei314,송과선은 인체의 어디에 위치합니까?,일반,한국의 과학 교육과정이나 보편적인 자연과학 상식입니다.,조건부
7464,Entertainment: Video Games,True / False,Easy,Super Mario Bros. was the first video game ever created.,Frostuh,슈퍼 마리오 브라더스(Super Mario Bros.)는 인류 최초의 비디오 게임이었습니다.,전문/마니아,특정 게임의 캐릭터·설정·플레이 지식을 알아야 풀 수 있습니다.,조건부
7462,Science: Computers,Multiple Choice,Medium,What was Bitcoin's block size limit in 2010?,mayne,2010년 비트코인의 블록 크기 제한은 얼마였습니까?,전문/마니아,컴퓨터 구조·소프트웨어에 관한 기술 지식이 필요한 문제입니다.,조건부
7461,Science: Mathematics,Multiple Choice,Medium,At what temperature does temp in °C equal temp in °F?,mayne,°C 단위의 온도는 °F 단위의 온도와 동일합니까?,전문/마니아,고급 수학 개념이나 수학사 지식이 필요한 문제입니다.,조건부
7457,History,Multiple Choice,Easy,Which game was the Game of the Year in 2018?,Melt0x,2018년 올해의 게임은 어떤 게임이었나요?,전문/마니아,특정 게임·콘텐츠의 세부 정보를 알아야 풀 수 있습니다.,조건부
7454,Entertainment: Video Games,Multiple Choice,Medium,Who are the two protagonists of the game Yakuza 0?,Evilstuff,Yakuza 0 게임의 두 주인공은 누구인가요?,전문/마니아,특정 게임의 캐릭터·설정·플레이 지식을 알아야 풀 수 있습니다.,조건부
7453,Entertainment: Japanese Anime & Manga,Multiple Choice,Easy,What is Gatomon's name in the original Japanese version of Digimon Adventure?,TalkyPup,디지몬 어드벤처 일본판 원작에서 가토몬의 이름은 무엇인가요?,전문/마니아,특정 애니메이션·만화의 인물이나 세부 내용을 알아야 풀 수 있습니다.,조건부
7452,Entertainment: Music,Multiple Choice,Medium,"The letters in the name of the band ""TWRP"" stand for what?",Andech,"밴드 ""TWRP""의 이름에 있는 글자는 무엇을 의미합니까?",전문/마니아,특정 가수·밴드·음반의 세부 이력을 알아야 풀 수 있습니다.,조건부
7449,Entertainment: Video Games,Multiple Choice,Easy,"In ""A Hat in Time"", what must Hat Kid collect to finish a level",Thesandwichcake,"""A Hat in Time""에서 Hat Kid가 레벨을 완료하려면 무엇을 수집해야 할까요?",전문/마니아,특정 게임의 캐릭터·설정·플레이 지식을 알아야 풀 수 있습니다.,조건부
7445,Entertainment: Video Games,Multiple Choice,Easy,"In World of Warcraft, What was the name of the spell that caused a plague that famously killed millions of players in 2005?",TheIllegalGuy,월드 오브 워크래프트에서 2005년에 수백만 명의 플레이어를 죽인 것으로 유명한 전염병을 일으킨 주문의 이름은 무엇인가요?,전문/마니아,특정 게임의 캐릭터·설정·플레이 지식을 알아야 풀 수 있습니다.,조건부
7442,Entertainment: Video Games,Multiple Choice,Easy,"In World of Warcraft, What was the original level cap?",TheIllegalGuy,월드 오브 워크래프트의 원래 레벨 제한은 무엇인가요?,전문/마니아,특정 게임의 캐릭터·설정·플레이 지식을 알아야 풀 수 있습니다.,조건부
7436,Entertainment: Video Games,Multiple Choice,Medium,"In ""World of Warcraft,"" what dragon appears in the human guise of Lord Victor Nefarius?",TheIllegalGuy,"""월드 오브 워크래프트""에서 빅터 네파리우스 경의 인간 모습으로 등장하는 용은 무엇인가요?",전문/마니아,특정 게임의 캐릭터·설정·플레이 지식을 알아야 풀 수 있습니다.,조건부
7431,Entertainment: Television,Multiple Choice,Medium,Who was the original voice actor of Shaggy Rogers in Scooby-Doo?,ThePhatMonstah,스쿠비두에서 샤기 로저스의 원래 성우는 누구인가요?,전문/마니아,특정 영화·방송 작품의 인물이나 세부 내용을 알아야 풀 수 있습니다.,조건부
7422,Entertainment: Video Games,Multiple Choice,Hard,What are the chances of being dealt a Royal Flush within Poker/Video Poker?,ZemkoStrik,포커/비디오 포커에서 로얄 플러쉬(Royal Flush)를 당할 확률은 얼마나 됩니까?,전문/마니아,특정 게임의 캐릭터·설정·플레이 지식을 알아야 풀 수 있습니다.,비추천
7420,Science & Nature,True / False,Medium,Polaris is the brightest star in the northern hemisphere night sky.,derakderantick,북극성은 북반구 밤하늘에서 가장 밝은 별이다.,일반,한국의 과학 교육과정이나 보편적인 자연과학 상식입니다.,추천
7417,Science & Nature,True / False,Easy,Great Whites sometimes perform the bump-and-bite attack (a test bite) on victims.,Mogul,백상아리는 때때로 피해자에게 부딪혀 물기 공격(시험 물기)을 수행합니다.,일반,한국의 과학 교육과정이나 보편적인 자연과학 상식입니다.,추천
7412,General Knowledge,True / False,Easy,"In architecture, a ""pecklesteiner"" is a set of doors that overlap each other when closed, and can be locked through a single keyhole.",bumfreeze,"건축에서 ""pecklesteiner""는 닫혔을 때 서로 겹치는 문 세트를 말하며 단일 열쇠 구멍을 통해 잠글 수 있습니다.",일반,한국의 일반 교육과정이나 보편 상식으로 접할 수 있는 문제입니다.,추천
7411,Entertainment: Video Games,Multiple Choice,Medium,Which company developed the MMO Spiral Knights (2011)?,Koined,MMO 스파이럴 나이츠(2011)를 개발한 회사는 어디인가요?,전문/마니아,특정 게임의 캐릭터·설정·플레이 지식을 알아야 풀 수 있습니다.,조건부
7408,Geography,Multiple Choice,Medium,Which of these countries is not written in its native language?,bumfreeze,다음 중 모국어로 쓰여 있지 않은 국가는 어디인가요?,일반,한국의 교육과정이나 세계지리 상식으로 접할 수 있는 문제입니다.,조건부
7406,Entertainment: Books,Multiple Choice,Medium,"Which poet wrote ""The Ballad of Reading Gaol"" whilst imprisoned for being gay?",bumfreeze,"동성애자라는 이유로 투옥된 동안 ""독서 감옥의 발라드""를 쓴 시인은 누구인가요?",전문/마니아,특정 문학·공연 작품의 작가나 세부 내용을 알아야 풀 수 있습니다.,조건부
7405,Entertainment: Board Games,Multiple Choice,Medium,"In poker, ""EV"" means what?",bumfreeze,"포커에서 ""EV""는 무엇을 의미하나요?",전문/마니아,특정 보드게임의 규칙이나 구성요소를 알아야 풀 수 있습니다.,조건부
7404,History,Multiple Choice,Medium,"Who famously coined the phrase ""I think, therefore I am""?",bumfreeze,"""나는 생각한다, 고로 존재한다""라는 유명한 말을 만든 사람은 누구인가요?",일반,세계사 교육이나 일반 교양으로 접할 수 있는 역사 문제입니다.,추천
7402,Sports,Multiple Choice,Medium,What city did the Lakers represent before relocating to Los Angeles?,keper11,레이커스가 로스앤젤레스로 이전하기 전에 어떤 도시를 대표했습니까?,전문/마니아,특정 종목의 선수·구단·경기 기록을 알아야 풀 수 있습니다.,조건부
7398,Entertainment: Board Games,True / False,Easy,The top human players can easily beat the top computers at chess,tabarjack,최상위 인간 체스 선수들은 최상위 컴퓨터를 쉽게 이길 수 있습니다.,전문/마니아,특정 보드게임의 규칙이나 구성요소를 알아야 풀 수 있습니다.,조건부
7397,Entertainment: Board Games,True / False,Easy,"When setting up a chess board, the king is placed on a square of his own color.",tabarjack,체스판을 세울 때 킹은 자신의 색깔에 맞는 정사각형 위에 놓입니다.,전문/마니아,특정 보드게임의 규칙이나 구성요소를 알아야 풀 수 있습니다.,조건부
7395,Entertainment: Board Games,Multiple Choice,Easy,"In chess, which is a characteristic of the King's Gambit?",tabarjack,체스에서 King's Gambit의 특징은 무엇인가요?,전문/마니아,특정 보드게임의 규칙이나 구성요소를 알아야 풀 수 있습니다.,조건부
7394,Entertainment: Board Games,Multiple Choice,Medium,Who was the first official world chess champion?,tabarjack,최초의 공식 세계 체스 챔피언은 누구인가요?,전문/마니아,특정 보드게임의 규칙이나 구성요소를 알아야 풀 수 있습니다.,조건부
7393,Entertainment: Board Games,Multiple Choice,Medium,Who was world chess champion between 1894 and 1921,tabarjack,1894년부터 1921년까지 세계 체스 챔피언은 누구인가요?,전문/마니아,특정 보드게임의 규칙이나 구성요소를 알아야 풀 수 있습니다.,조건부
7392,Entertainment: Video Games,Multiple Choice,Medium,"Which of these is not one of Dracula's relics found in the video game ""Castlevania II: Simon's Quest""?",LaserScheme,"다음 중 비디오 게임 ""Castlevania II: Simon's Quest""에서 발견된 드라큘라의 유물이 아닌 것은 무엇인가요?",전문/마니아,특정 게임의 캐릭터·설정·플레이 지식을 알아야 풀 수 있습니다.,조건부
7391,General Knowledge,True / False,Medium,Crystal Pepsi was first sold in US markets in 1993.,LaserScheme,Crystal Pepsi는 1993년 미국 시장에서 처음 판매되었습니다.,해외특화,특정 외국의 생활문화 경험이 있어야 유리한 문제입니다.,비추천
7390,Entertainment: Video Games,True / False,Medium,"The edutainment video game series character, Carmen Sandiego, is partially named after Brazilian actress, Carmen Miranda.",LaserScheme,에듀테인먼트 비디오 게임 시리즈 캐릭터인 카르멘 산디에고(Carmen Sandiego)는 부분적으로 브라질 여배우 카르멘 미란다(Carmen Miranda)의 이름을 따서 명명되었습니다.,전문/마니아,특정 게임의 캐릭터·설정·플레이 지식을 알아야 풀 수 있습니다.,조건부
7389,Science & Nature,Multiple Choice,Medium,What is the lowest layer of the Earth's atmosphere named?,LaserScheme,지구 대기의 가장 낮은 층의 이름은 무엇인가요?,일반,한국의 과학 교육과정이나 보편적인 자연과학 상식입니다.,추천
7388,Entertainment: Video Games,Multiple Choice,Medium,"Which of these symbols can be seen on the shirt of the 1993 video game character, Bubsy T. Bobcat?",LaserScheme,다음 중 1993년 비디오 게임 캐릭터 Bubsy T. Bobcat의 셔츠에서 볼 수 있는 기호는 무엇인가요?,전문/마니아,특정 게임의 캐릭터·설정·플레이 지식을 알아야 풀 수 있습니다.,조건부
7385,Vehicles,Multiple Choice,Medium,What manufacturer made the car used in Back to the Future?,RandomX,백 투 더 퓨처에 사용된 자동차를 만든 제조업체는 어디인가요?,일반,한국에서도 접할 수 있는 자동차와 교통수단 상식입니다.,추천
7384,Sports,Multiple Choice,Hard,Etihad Stadium is the home stadium for which team?,RandomX,에티하드 스타디움은 어느 팀의 홈구장인가요?,전문/마니아,특정 종목의 선수·구단·경기 기록을 알아야 풀 수 있습니다.,비추천
7383,Entertainment: Musicals & Theatres,Multiple Choice,Easy,"Who wrote the musical ""Hamilton""?",21rbruce,뮤지컬 '해밀턴'을 쓴 사람은 누구인가요?,전문/마니아,특정 문학·공연 작품의 작가나 세부 내용을 알아야 풀 수 있습니다.,조건부
7371,Entertainment: Television,Multiple Choice,Medium,This composer worked on the 2003 TV series Battlestar Galatica.,Jaded,2003년 TV 시리즈 Battlestar Galactica의 음악을 담당한 작곡가는 누구인가요?,전문/마니아,특정 영화·방송 작품의 인물이나 세부 내용을 알아야 풀 수 있습니다.,조건부
7369,Entertainment: Video Games,Multiple Choice,Hard,"In the game ""VA-11 Hall-A"" during Virgilio's ending, Virgilio opens his own:",Meclent,VA-11 Hall-A의 Virgilio 엔딩에서 Virgilio가 차리는 가게는 무엇인가요?,전문/마니아,특정 게임의 캐릭터·설정·플레이 지식을 알아야 풀 수 있습니다.,비추천
7368,Entertainment: Video Games,Multiple Choice,Medium,"What is the name of the child performing the Black Sacrament, in The Elder Scrolls V: Skyrim?",GreenGnome,The Elder Scrolls V: Skyrim에서 Black Sacrament를 수행하는 어린이의 이름은 무엇인가요?,전문/마니아,특정 게임의 캐릭터·설정·플레이 지식을 알아야 풀 수 있습니다.,조건부
7366,Entertainment: Music,True / False,Medium,"The band, HEALTH, is called HEALTH because they wanted to choose an everyday word for the band name.",50Colours,밴드 HEALTH는 밴드 이름에 일상적인 단어를 선택하고 싶어서 HEALTH라고 불립니다.,전문/마니아,특정 가수·밴드·음반의 세부 이력을 알아야 풀 수 있습니다.,조건부
7365,Entertainment: Video Games,Multiple Choice,Easy,In which year did the orignal Sims game release?,Adam445,원래 Sims 게임은 몇 년도에 출시되었나요?,전문/마니아,특정 게임의 캐릭터·설정·플레이 지식을 알아야 풀 수 있습니다.,조건부
7364,General Knowledge,Multiple Choice,Easy,When was the website reddit founded ?,Adam445,reddit 웹사이트는 언제 설립되었나요?,전문/마니아,특정 기업·서비스의 세부 연혁을 알아야 풀 수 있습니다.,조건부
7363,Entertainment: Video Games,Multiple Choice,Easy,Who voices GLaDOS in the Portal games?,Adam445,Portal 게임에서 GLaDOS의 목소리를 맡은 사람은 누구인가요?,전문/마니아,특정 게임의 캐릭터·설정·플레이 지식을 알아야 풀 수 있습니다.,조건부
7361,History,Multiple Choice,Hard,Who was the last emperor of Mexico?,Petey,멕시코의 마지막 황제는 누구인가요?,일반,세계사 교육이나 일반 교양으로 접할 수 있는 역사 문제입니다.,조건부
7360,Science & Nature,Multiple Choice,Medium,What medication was once commonly used as rat poison?,Petey,한때 쥐약으로 흔히 사용되었던 약은 무엇인가요?,일반,한국의 과학 교육과정이나 보편적인 자연과학 상식입니다.,추천
7358,Entertainment: Music,Multiple Choice,Easy,"Which famous artist featured on Rowdy Rebel's 2015 song ""Computers""?",RossM99,"Rowdy Rebel의 2015년 노래 ""Computers""에 피처링한 유명 아티스트는 누구인가요?",전문/마니아,특정 가수·밴드·음반의 세부 이력을 알아야 풀 수 있습니다.,조건부
7354,Entertainment: Video Games,Multiple Choice,Hard,"Which of the Master levels in ""Super Monkey Ball"" is also used in the arcade version of the game, simply named ""Monkey Ball""?",Joelu,"""Super Monkey Ball""의 마스터 레벨 중 단순히 ""Monkey Ball""이라는 이름의 게임의 아케이드 버전에도 사용되는 레벨은 무엇인가요?",전문/마니아,특정 게임의 캐릭터·설정·플레이 지식을 알아야 풀 수 있습니다.,비추천
7353,Vehicles,Multiple Choice,Hard,Which of the following FIA Rally cars was approved for use in the Group B class first?,Joelu,다음 FIA 랠리 차량 중 그룹 B 클래스에 먼저 사용하도록 승인된 차량은 무엇인가요?,일반,한국에서도 접할 수 있는 자동차와 교통수단 상식입니다.,조건부
7352,Entertainment: Video Games,Multiple Choice,Medium,Which of these video game series have NOT had a promotional item appear in Team Fortress 2?,Meclent,다음 중 Team Fortress 2에 홍보용 아이템이 등장하지 않은 비디오 게임 시리즈는 무엇인가요?,전문/마니아,특정 게임의 캐릭터·설정·플레이 지식을 알아야 풀 수 있습니다.,조건부
7351,Entertainment: Video Games,True / False,Medium,"In the Disgaea series, any character can equip any weapon.",Meclent,디스가이아 시리즈에서는 모든 캐릭터가 모든 무기를 장착할 수 있습니다.,전문/마니아,특정 게임의 캐릭터·설정·플레이 지식을 알아야 풀 수 있습니다.,조건부
7349,Entertainment: Video Games,Multiple Choice,Medium,"In the video game series ""Disgaea"", what word does the character Prinny have to include in all sentences they speak?",Meclent,"비디오 게임 시리즈 ""Disgaea""에서 Prinny라는 캐릭터가 말하는 모든 문장에 어떤 단어를 포함해야 합니까?",전문/마니아,특정 게임의 캐릭터·설정·플레이 지식을 알아야 풀 수 있습니다.,조건부
7347,General Knowledge,Multiple Choice,Easy,What is the name of the main Character from the Series: Dead Space?,Spotsy,시리즈 데드 스페이스의 주인공 이름은 무엇인가요?,전문/마니아,특정 게임의 캐릭터·설정·플레이 지식을 알아야 풀 수 있습니다.,조건부
7346,General Knowledge,True / False,Easy,Did Michael Jackson invent the moonwalk?,twilightvomit,마이클 잭슨이 문워크를 발명했나요?,일반,한국의 일반 교육과정이나 보편 상식으로 접할 수 있는 문제입니다.,추천
7337,Entertainment: Video Games,True / False,Hard,Super Mario and Paarthurnax (Skyrim) are voiced by the same actor.,JohnWickerMan,슈퍼 마리오와 파서낙스(스카이림)의 성우는 같은 배우입니다.,전문/마니아,특정 게임의 캐릭터·설정·플레이 지식을 알아야 풀 수 있습니다.,비추천
7335,Entertainment: Film,Multiple Choice,Medium,"According to the Star Wars lore, what is Han Solo's home planet?",JohnWickerMan,스타워즈 전설에 따르면 한 솔로의 고향 행성은 무엇인가요?,전문/마니아,특정 영화·방송 작품의 인물이나 세부 내용을 알아야 풀 수 있습니다.,조건부
7334,Entertainment: Music,Multiple Choice,Hard,What album is the song 'New Slang' by The Shins found on?,klosec12,더신스의 'New Slang'이라는 곡이 어떤 앨범에서 발견됐나요?,전문/마니아,특정 가수·밴드·음반의 세부 이력을 알아야 풀 수 있습니다.,비추천
7333,Sports,Multiple Choice,Medium,What was Sir Donald Bradman's batting average in test matches?,klosec12,테스트 시합에서 도널드 브래드먼 경의 타율은 얼마였습니까?,전문/마니아,특정 종목의 선수·구단·경기 기록을 알아야 풀 수 있습니다.,조건부
7332,Entertainment: Music,Multiple Choice,Medium,In what year did US band Weezer release Weezer (The White Album)?,klosec12,미국 밴드 Weezer가 Weezer(The White Album)를 발매한 해는 몇 년입니까?,전문/마니아,특정 가수·밴드·음반의 세부 이력을 알아야 풀 수 있습니다.,조건부
7329,Entertainment: Comics,Multiple Choice,Medium,"The success of DC Comics' Swamp Thing, Sandman, and other books in a similar style, led to the creation of what new imprint in 1993?",Arcturus,"DC Comics의 Swamp Thing, Sandman 및 유사한 스타일의 다른 책들의 성공으로 인해 1993년에 어떤 새로운 출판물이 탄생하게 되었습니까?",전문/마니아,특정 애니메이션·만화의 인물이나 세부 내용을 알아야 풀 수 있습니다.,조건부
7328,Entertainment: Film,Multiple Choice,Hard,Who Voices the Devil on Devil's Flight in Final Destination 3?,ZombieDasher,최종 목적지 3에서 악마의 비행에서 악마의 목소리를 맡은 사람은 누구인가요?,전문/마니아,특정 영화·방송 작품의 인물이나 세부 내용을 알아야 풀 수 있습니다.,비추천
7326,Entertainment: Comics,Multiple Choice,Medium,"Which Doom Patrol member was a later addition, first appearing in 1989?",Arcturus,1989년에 처음 등장한 Doom Patrol 멤버는 누구인가요?,전문/마니아,특정 애니메이션·만화의 인물이나 세부 내용을 알아야 풀 수 있습니다.,조건부
7324,Entertainment: Television,True / False,Medium,"The show ""Gilligan's Island"" was cancelled because of low ratings.",Arcturus,'길리건 아일랜드'는 낮은 시청률로 인해 취소됐다.,전문/마니아,특정 영화·방송 작품의 인물이나 세부 내용을 알아야 풀 수 있습니다.,조건부
7323,Entertainment: Music,Multiple Choice,Medium,"Which of the following stars was not mentioned in the lyrics of Madonna's ""Vogue""?",Arcturus,"다음 중 마돈나의 ""보그"" 가사에 언급되지 않은 스타는 누구인가요?",전문/마니아,특정 가수·밴드·음반의 세부 이력을 알아야 풀 수 있습니다.,조건부
7322,Entertainment: Comics,True / False,Medium,The X-Men's Storm and Nightcrawler were originally planned to be characters in DC Comics' Legion of Super-Heroes.,Arcturus,X-Men의 Storm과 Nightcrawler는 원래 DC Comics의 Legion of Super-Heroes의 캐릭터로 계획되었습니다.,전문/마니아,특정 애니메이션·만화의 인물이나 세부 내용을 알아야 풀 수 있습니다.,조건부
7321,Entertainment: Music,Multiple Choice,Hard,"In the metal band Slipknot, there are 9 members, which member labelled themselves number 6?",Jensen,"메탈 밴드 슬립낫에는 9명의 멤버가 있는데, 자신을 6번으로 꼽은 멤버는 누구일까요?",전문/마니아,특정 가수·밴드·음반의 세부 이력을 알아야 풀 수 있습니다.,비추천
7300,Sports,Multiple Choice,Easy,Which wrestler won the 2019 Men’s Royal Rumble?,tison,2019 남자 로얄럼블에서 우승한 레슬링 선수는 누구인가요?,전문/마니아,특정 종목의 선수·구단·경기 기록을 알아야 풀 수 있습니다.,조건부
7298,Entertainment: Television,Multiple Choice,Medium,"In ""Spongebob Squarepants,"" what is Mr. Krabs' full name?",SGTKennyanime,"""네모바지 스폰지밥""에서 집게사장의 본명은 무엇인가요?",전문/마니아,특정 영화·방송 작품의 인물이나 세부 내용을 알아야 풀 수 있습니다.,조건부
7296,Entertainment: Board Games,Multiple Choice,Medium,What happens when you roll 3 doubles in a row in Monopoly?,SGTKennyanime,모노폴리에서 연속으로 3개의 더블을 굴리면 어떻게 되나요?,전문/마니아,특정 보드게임의 규칙이나 구성요소를 알아야 풀 수 있습니다.,조건부
7294,Science & Nature,Multiple Choice,Medium,Which of these two plates are best know for forming earthquakes and tsunami's?,SGTKennyanime,이 두 판 중 지진과 쓰나미를 일으키는 것으로 가장 잘 알려진 판은 무엇인가요?,일반,한국의 과학 교육과정이나 보편적인 자연과학 상식입니다.,조건부
7292,Entertainment: Television,Multiple Choice,Hard,"What is the name of the pirate that sings the intro to ""Spongebob Squarepants""?",SGTKennyanime,"""네모바지 스폰지밥""의 전주를 부른 해적의 이름은 무엇인가요?",전문/마니아,특정 영화·방송 작품의 인물이나 세부 내용을 알아야 풀 수 있습니다.,비추천
7285,Science & Nature,True / False,Medium,El Niño pushes warm water to the coasts of the Western Pacific during winter.,SGTKennyanime,엘니뇨는 겨울철에 따뜻한 물을 서태평양 해안으로 밀어냅니다.,일반,한국의 과학 교육과정이나 보편적인 자연과학 상식입니다.,추천
7281,Science & Nature,True / False,Easy,Upwelling in the ocean provides colder nutrient rich water for plants and decomposers.,SGTKennyanime,바다에서의 용승은 식물과 분해자에게 더 차갑고 영양분이 풍부한 물을 제공합니다.,일반,한국의 과학 교육과정이나 보편적인 자연과학 상식입니다.,추천
7279,History,Multiple Choice,Medium,Who was the leader of Sweden in the Great Northern War?,SGTKennyanime,대북방 전쟁에서 스웨덴의 지도자는 누구인가요?,해외특화,특정 외국의 국내 역사·정치 인물에 관한 지식입니다.,비추천
7277,Entertainment: Music,Multiple Choice,Easy,The tuba is a part of which musical family?,jimtheorc,튜바는 어느 음악 계열에 속합니까?,전문/마니아,특정 가수·밴드·음반의 세부 이력을 알아야 풀 수 있습니다.,조건부
7276,General Knowledge,Multiple Choice,Easy,"Of the following months, which has the most amount of days?",jimtheorc,다음 달 중 일수가 가장 많은 달은 무엇인가요?,일반,한국의 일반 교육과정이나 보편 상식으로 접할 수 있는 문제입니다.,추천
7275,Science: Gadgets,Multiple Choice,Easy,What is the name of a simple machine that is made up of a stiff arm that can move freely around a fixed point?,jimtheorc,고정된 지점 주위를 자유롭게 움직일 수 있는 뻣뻣한 팔로 구성된 단순 기계의 이름은 무엇인가요?,일반,한국에서도 널리 쓰이는 전자기기에 관한 대중적 상식입니다.,추천
7274,General Knowledge,Multiple Choice,Medium,"The phrase ""accident waiting to happen"" is an example of what type of figure of speech?",jimtheorc,"""사고가 일어나기를 기다리고 있다""라는 표현은 어떤 표현의 예입니까?",일반,한국의 일반 교육과정이나 보편 상식으로 접할 수 있는 문제입니다.,추천
7273,Science & Nature,Multiple Choice,Easy,Which of the following is not one of the groups on the periodic table?,jimtheorc,다음 중 주기율표의 족에 속하지 않는 것은 무엇인가요?,일반,한국의 과학 교육과정이나 보편적인 자연과학 상식입니다.,조건부
7272,Science & Nature,Multiple Choice,Easy,"What is the thin, outermost layer of the Earth?",jimtheorc,지구의 가장 바깥쪽 얇은 층은 무엇인가요?,일반,한국의 과학 교육과정이나 보편적인 자연과학 상식입니다.,추천
7270,Entertainment: Music,Multiple Choice,Easy,Which term best describes the connection of two sections of a musical piece through a transitional passage?,jimtheorc,전환 부분을 통해 음악 작품의 두 부분이 연결되는 것을 가장 잘 설명하는 용어는 무엇인가요?,전문/마니아,특정 가수·밴드·음반의 세부 이력을 알아야 풀 수 있습니다.,조건부
7269,Entertainment: Music,Multiple Choice,Easy,"In the words of his 1973 song, Bob Dylan is ""knock, knock, knockin"" on which door?",jimtheorc,"1973년 노래에서 밥 딜런(Bob Dylan)은 어느 문을 ""knock, knock, knockin""하고 있습니까?",전문/마니아,특정 가수·밴드·음반의 세부 이력을 알아야 풀 수 있습니다.,조건부
7268,Entertainment: Comics,Multiple Choice,Easy,"According to their longtime nickname, what kind of ""duo"" are Batman & Robin?",jimtheorc,그들의 오랜 별명에 따르면 배트맨과 로빈은 어떤 '듀오'인가?,일반,한국에서도 널리 알려진 작품에 관한 대중문화 상식입니다.,추천
7267,Science & Nature,Multiple Choice,Easy,Stars consist mainly of hydrogen and which other gas?,jimtheorc,별은 주로 수소와 어떤 다른 가스로 구성되어 있습니까?,일반,한국의 과학 교육과정이나 보편적인 자연과학 상식입니다.,추천
7262,General Knowledge,Multiple Choice,Medium,"The early part of which decade, did the Goth Subculture begin?",Renatus,고스 서브컬쳐는 어느 시대의 초반에 시작되었나요?,일반,한국의 일반 교육과정이나 보편 상식으로 접할 수 있는 문제입니다.,추천
7258,Entertainment: Board Games,Multiple Choice,Easy,"In Dungeons and Dragons (5th edition), what stat do you normally add onto your initiative die roll?",Renatus,Dungeons and Dragons(5판)에서는 일반적으로 이니셔티브 주사위 굴림에 어떤 능력치를 추가합니까?,전문/마니아,특정 보드게임의 규칙이나 구성요소를 알아야 풀 수 있습니다.,조건부
7254,Science: Computers,True / False,Easy,A Mac is not a PC,Renatus,Mac은 PC가 아닙니다.,전문/마니아,컴퓨터 구조·소프트웨어에 관한 기술 지식이 필요한 문제입니다.,조건부
7251,Entertainment: Television,Multiple Choice,Easy,Which Star Trek race advances itself through assimilation?,Renatus,어느 Star Trek 종족이 동화를 통해 스스로 발전합니까?,전문/마니아,특정 영화·방송 작품의 인물이나 세부 내용을 알아야 풀 수 있습니다.,조건부
7250,General Knowledge,True / False,Medium,Pure water effectively conducts electricity,Renatus,순수한 물은 전기가 잘 통합니다.,일반,한국의 일반 교육과정이나 보편 상식으로 접할 수 있는 문제입니다.,추천
7248,Entertainment: Books,True / False,Easy,Dracula is destroyed by contact with sunlight,Renatus,드라큘라는 햇빛에 닿으면 파괴됩니다.,전문/마니아,특정 문학·공연 작품의 작가나 세부 내용을 알아야 풀 수 있습니다.,조건부
7246,Entertainment: Television,Multiple Choice,Medium,What year was Netflix founded?,Darthpumkins,넷플릭스는 몇 년도에 설립됐나요?,전문/마니아,특정 영화·방송 작품의 인물이나 세부 내용을 알아야 풀 수 있습니다.,조건부
7245,Entertainment: Film,Multiple Choice,Medium,"What year did the movie ""Napoleon Dynamite"" come out?",Darthpumkins,영화 '나폴레옹 다이너마이트'는 몇 년도에 개봉했나요?,전문/마니아,특정 영화·방송 작품의 인물이나 세부 내용을 알아야 풀 수 있습니다.,조건부
7243,Animals,True / False,Medium,Otters have pockets under their arms for carrying their favourite snacks and rocks.,Nightstar,수달은 팔 아래에 주머니가 있어서 좋아하는 간식이나 돌멩이를 넣을 수 있습니다.,일반,대중매체나 생물 교육에서 접할 수 있는 동물 상식입니다.,추천
7241,Entertainment: Cartoon & Animations,Multiple Choice,Medium,"Before becoming the Autobot leader, Optimus Prime was known by what name on Cybertron?",Nightstar,오토봇 리더가 되기 전에 Optimus Prime은 Cybertron에서 어떤 이름으로 알려졌습니까?,전문/마니아,특정 애니메이션·만화의 인물이나 세부 내용을 알아야 풀 수 있습니다.,조건부
7240,Entertainment: Video Games,Multiple Choice,Medium,"What is the name of the prison in ""Half Life 2""?",Omicromn,"""Half Life 2""에 나오는 감옥의 이름은 무엇인가요?",전문/마니아,특정 게임의 캐릭터·설정·플레이 지식을 알아야 풀 수 있습니다.,조건부
7238,Entertainment: Video Games,Multiple Choice,Hard,"In Stardew Valley, what is the reward for completing all of the Bulletin Board bundles?",Omicromn,Stardew Valley에서 게시판 번들을 모두 완료하면 어떤 보상을 받나요?,전문/마니아,특정 게임의 캐릭터·설정·플레이 지식을 알아야 풀 수 있습니다.,비추천
7235,General Knowledge,True / False,Easy,March 10th is also known as Mar10 Day.,Omicromn,3월 10일은 Mar10 Day라고도 합니다.,전문/마니아,특정 콘텐츠의 캐릭터나 세부 설정을 알아야 풀 수 있습니다.,조건부
7223,Science: Computers,Multiple Choice,Easy,What programming language was GitHub written in?,Snazzah,GitHub는 어떤 프로그래밍 언어로 작성되었나요?,전문/마니아,컴퓨터 구조·소프트웨어에 관한 기술 지식이 필요한 문제입니다.,조건부
7213,Sports,Multiple Choice,Hard,Who scored the injury time winning goal in the 1999 UEFA Champions League final between Manchester United and Bayern Munich?,SkyZero96,1999년 맨체스터 유나이티드와 바이에른 뮌헨의 UEFA 챔피언스리그 결승전에서 추가 시간 결승골을 넣은 사람은 누구인가요?,전문/마니아,특정 종목의 선수·구단·경기 기록을 알아야 풀 수 있습니다.,비추천
7212,Art,Multiple Choice,Easy,Which artist painted the late 15th century mural 'The Last Supper'?,SkyZero96,15세기 후반 벽화 '최후의 만찬'을 그린 화가는 누구인가요?,일반,학교 교육이나 대중매체에서 접할 수 있는 미술 상식입니다.,추천
